congress,session,nominee_raw,position_title,nomination_citation,nomination_date,nomination_url,confirmation_date,confirmation_vote_url,confirmation_vote_result,predecessor_name
111,1,Hillary Rodham Clinton,Secretary of State,PN64-1,2009-01-20,https://www.congress.gov/nomination/111th-congress/64,2009-01-21,https://www.senate.gov/legislative/LIS/roll_call_votes/vote1111/vote_111_1_00006.htm,Confirmed 94-2,
111,1,Timothy F. Geithner,Secretary of the Treasury,PN64-6,2009-01-20,https://www.congress.gov/nomination/111th-congress/64,2009-01-26,https://www.senate.gov/legislative/LIS/roll_call_votes/vote1111/vote_111_1_00015.htm,Confirmed 60-34,
111,1,"Eric H. Holder, Jr.",Attorney General,PN64-7,2009-01-20,https://www.congress.gov/nomination/111th-congress/64,2009-02-02,https://www.senate.gov/legislative/LIS/roll_call_votes/vote1111/vote_111_1_00032.htm,Confirmed 75-21,
111,1,Thomas John Perrelli,Associate Attorney General,PN71,2009-01-30,https://www.congress.gov/nomination/111th-congress/71,2009-03-12,https://www.senate.gov/legislative/LIS/roll_call_votes/vote1111/vote_111_1_00098.htm,Confirmed 72-20,Kevin J
111,1,David W. Ogden,Deputy Attorney General,PN68,2009-01-26,https://www.congress.gov/nomination/111th-congress/68,2009-03-12,https://www.senate.gov/legislative/LIS/roll_call_votes/vote1111/vote_111_1_00097.htm,Confirmed 65-28,Mark R
111,1,Ronald Kirk,U.S. Trade Representative,PN64-9,2009-01-20,https://www.congress.gov/nomination/111th-congress/64,2009-03-18,https://www.senate.gov/legislative/LIS/roll_call_votes/vote1111/vote_111_1_00100.htm,Confirmed 92-5,
111,1,Elena Kagan,Solicitor General,PN67,2009-01-26,https://www.congress.gov/nomination/111th-congress/67,2009-03-19,https://www.senate.gov/legislative/LIS/roll_call_votes/vote1111/vote_111_1_00107.htm,Confirmed 61-31,Gregory G
111,1,David S. Kris,Assistant Attorney General,PN80,2009-02-11,https://www.congress.gov/nomination/111th-congress/80,2009-03-25,https://www.senate.gov/legislative/LIS/roll_call_votes/vote1111/vote_111_1_00109.htm,Confirmed 97-0,J
111,1,of Christopher R. Hill,Ambassador to the Republic of Iraq,PN171,2009-03-11,https://www.congress.gov/nomination/111th-congress/171,2009-04-21,https://www.senate.gov/legislative/LIS/roll_call_votes/vote1111/vote_111_1_00159.htm,Confirmed 73-23,
111,1,Kathleen Sebelius,Secretary of Health and Human Services,PN188,2009-03-17,https://www.congress.gov/nomination/111th-congress/188,2009-04-28,https://www.senate.gov/legislative/LIS/roll_call_votes/vote1111/vote_111_1_00172.htm,Confirmed 65-31,
111,1,Thomas L. Strickland,Assistant Secretary for Fish and Wildlife,PN178,2009-03-12,https://www.congress.gov/nomination/111th-congress/178,2009-04-30,https://www.senate.gov/legislative/LIS/roll_call_votes/vote1111/vote_111_1_00175.htm,Confirmed 89-2,R
111,1,of Gary Gensler,Commissioner of the Commodity Futures Trading Commission,PN65-3,2009-01-20,https://www.congress.gov/nomination/111th-congress/65,2009-05-19,https://www.senate.gov/legislative/LIS/roll_call_votes/vote1111/vote_111_1_00195.htm,Confirmed 88-6,Reuben Jeffery III
111,1,Sonia Sotomayor,Associate Justice of the Supreme Court,PN506,2009-06-01,https://www.congress.gov/nomination/111th-congress/506,2009-08-06,https://www.senate.gov/legislative/LIS/roll_call_votes/vote1111/vote_111_1_00262.htm,Confirmed 68-31,David H
111,1,of Cass R. Sunstein,"Administrator of the Office of Information and Regulatory Affairs, Office of Management and Budget",PN323,2009-04-20,https://www.congress.gov/nomination/111th-congress/323,2009-09-10,https://www.senate.gov/legislative/LIS/roll_call_votes/vote1111/vote_111_1_00274.htm,Confirmed 57-40,Susan E
111,1,of Gerard E. Lynch,U.S. Circuit Judge for the Second Circuit,PN263,2009-04-02,https://www.congress.gov/nomination/111th-congress/263,2009-09-17,https://www.senate.gov/legislative/LIS/roll_call_votes/vote1111/vote_111_1_00288.htm,Confirmed 94-3,Chester J
111,1,Jeffrey L. Viken,U.S. District Judge,PN681,2009-06-25,https://www.congress.gov/nomination/111th-congress/681,2009-09-29,https://www.senate.gov/legislative/LIS/roll_call_votes/vote1111/vote_111_1_00299.htm,Confirmed 99-0,Lawrence L
111,1,Roberto A. Lange,U.S. District Judge,PN716,2009-07-08,https://www.congress.gov/nomination/111th-congress/716,2009-10-21,https://www.senate.gov/legislative/LIS/roll_call_votes/vote1111/vote_111_1_00324.htm,Confirmed 100-0,Charles B
111,1,Ignacia S. Moreno,Assistant Attorney General.,PN557,2009-06-08,https://www.congress.gov/nomination/111th-congress/557,2009-11-05,https://www.senate.gov/legislative/LIS/roll_call_votes/vote1111/vote_111_1_00341.htm,Confirmed 93-0,Ronald Jay Tenpas
111,1,Charlene Edwards Honeywell,U.S. District Judge for the Middle District of Florida,PN680,2009-06-25,https://www.congress.gov/nomination/111th-congress/680,2009-11-09,https://www.senate.gov/legislative/LIS/roll_call_votes/vote1111/vote_111_1_00343.htm,Confirmed 88-0,Susan C
111,1,Andre M. Davis,U.S. Circuit Judge for the Fourth Circuit,PN262,2009-04-02,https://www.congress.gov/nomination/111th-congress/262,2009-11-09,https://www.senate.gov/legislative/LIS/roll_call_votes/vote1111/vote_111_1_00342.htm,Confirmed 72-16,Francis D
111,1,David F. Hamilton,U.S. Circuit Judge for the Seventh Circuit.,PN187,2009-03-17,https://www.congress.gov/nomination/111th-congress/187,2009-11-19,https://www.senate.gov/legislative/LIS/roll_call_votes/vote1111/vote_111_1_00350.htm,Confirmed 59-39,Kenneth F
111,1,Jacqueline H. Nguyen,U.S. District Judge,PN841,2009-07-31,https://www.congress.gov/nomination/111th-congress/841,2009-12-01,https://www.senate.gov/legislative/LIS/roll_call_votes/vote1111/vote_111_1_00354.htm,Confirmed 97-0,Nora M
111,2,Beverly Baldwin Martin,U.S. Circuit Judge,PN635,2009-06-19,https://www.congress.gov/nomination/111th-congress/635,2010-01-20,https://www.senate.gov/legislative/LIS/roll_call_votes/vote1112/vote_111_2_00001.htm,Confirmed 97-0,R
111,2,Rosanna Malouf Peterson,U.S. District Judge,PN1077,2009-10-13,https://www.congress.gov/nomination/111th-congress/1077,2010-01-25,https://www.senate.gov/legislative/LIS/roll_call_votes/vote1112/vote_111_2_00003.htm,Confirmed 89-0,Frederick L
111,2,M. Patricia Smith,Solicitor for the Department of Labor.,PN319,2009-04-20,https://www.congress.gov/nomination/111th-congress/319,2010-02-04,https://www.senate.gov/legislative/LIS/roll_call_votes/vote1112/vote_111_2_00018.htm,Confirmed 60-37,Gregory F
111,2,"Joseph A. Greenaway, Jr.",United States Circuit Judge for the Third Circuit,PN634,2009-06-19,https://www.congress.gov/nomination/111th-congress/634,2010-02-09,https://www.senate.gov/legislative/LIS/roll_call_votes/vote1112/vote_111_2_00021.htm,Confirmed 84-0,Samuel A
111,2,Barbara Milano Keenan,U.S. Circuit Judge for the Fourth Circuit.,PN937,2009-09-14,https://www.congress.gov/nomination/111th-congress/937,2010-03-02,https://www.senate.gov/legislative/LIS/roll_call_votes/vote1112/vote_111_2_00030.htm,Confirmed 99-0,H
111,2,O. Rogeriee Thompson,United States Circuit Judge,PN1061,2009-10-06,https://www.congress.gov/nomination/111th-congress/1061,2010-03-17,https://www.senate.gov/legislative/LIS/roll_call_votes/vote1112/vote_111_2_00056.htm,Confirmed 98-0,Bruce M
111,2,Marisa J. Demeo,Associate Judge of the Superior Court of D.C.,PN228,2009-03-24,https://www.congress.gov/nomination/111th-congress/228,2010-04-20,https://www.senate.gov/legislative/LIS/roll_call_votes/vote1112/vote_111_2_00120.htm,Confirmed 66-32,
111,2,Lael Brainard,Under Secretary of the Treasury,PN224,2009-03-23,https://www.congress.gov/nomination/111th-congress/224,2010-04-20,https://www.senate.gov/legislative/LIS/roll_call_votes/vote1112/vote_111_2_00119.htm,Confirmed 78-19,David H
111,2,Thomas I. Vanaskie,United States Circuit Judge for the Third Circuit,PN909,2009-08-06,https://www.congress.gov/nomination/111th-congress/909,2010-04-21,https://www.senate.gov/legislative/LIS/roll_call_votes/vote1112/vote_111_2_00122.htm,Confirmed 77-20,Franklin S
111,2,Christopher H. Schroeder,Assistant Attorney General,PN1379,2010-01-20,https://www.congress.gov/nomination/111th-congress/1379,2010-04-21,https://www.senate.gov/legislative/LIS/roll_call_votes/vote1112/vote_111_2_00121.htm,Confirmed 72-24,Elisebeth C
111,2,Denny Chin,U.S. Circuit Judge for the Second Circuit,PN1060,2009-10-06,https://www.congress.gov/nomination/111th-congress/1060,2010-04-22,https://www.senate.gov/legislative/LIS/roll_call_votes/vote1112/vote_111_2_00123.htm,Confirmed 98-0,Robert D
111,2,Nancy D. Freudenthal,U.S. District Judge,PN1246,2009-12-03,https://www.congress.gov/nomination/111th-congress/1246,2010-05-05,https://www.senate.gov/legislative/LIS/roll_call_votes/vote1112/vote_111_2_00129.htm,Confirmed 96-1,Clarence A
111,2,Gloria M. Navarro,U.S. District Judge,PN1341,2009-12-24,https://www.congress.gov/nomination/111th-congress/1341,2010-05-05,https://www.senate.gov/legislative/LIS/roll_call_votes/vote1112/vote_111_2_00128.htm,Confirmed 98-0,Brian Edward Sandoval
111,2,Lucy Haeran Koh,United States District Judge for the Northern District of California,PN1363,2010-01-20,https://www.congress.gov/nomination/111th-congress/1363,2010-06-07,https://www.senate.gov/legislative/LIS/roll_call_votes/vote1112/vote_111_2_00178.htm,Confirmed 90-0,Ronald M
111,2,Audrey Goldstein Fleissig,United States District Judge for the Eastern District of Missouri,PN1362,2010-01-20,https://www.congress.gov/nomination/111th-congress/1362,2010-06-07,https://www.senate.gov/legislative/LIS/roll_call_votes/vote1112/vote_111_2_00177.htm,Confirmed 90-0,E
111,2,Brian Anthony Jackson,U.S. District Judge,PN1129,2009-10-29,https://www.congress.gov/nomination/111th-congress/1129,2010-06-15,https://www.senate.gov/legislative/LIS/roll_call_votes/vote1112/vote_111_2_00186.htm,Confirmed 96-0,Frank J
111,2,Tanya Walton Pratt,United States District Judge for the Southern District of Indiana,PN1364,2010-01-20,https://www.congress.gov/nomination/111th-congress/1364,2010-06-15,https://www.senate.gov/legislative/LIS/roll_call_votes/vote1112/vote_111_2_00185.htm,Confirmed 95-0,David F
111,2,Marc T. Treadwell,United States District Judge for the Middle District of Georgia,PN1435,,,2010-06-21,https://www.senate.gov/legislative/LIS/roll_call_votes/vote1112/vote_111_2_00196.htm,Confirmed 89-0,
111,2,Mark A. Goldsmith,United States District Judge for the Eastern District of Michigan,PN1434,2010-02-04,https://www.congress.gov/nomination/111th-congress/1434,2010-06-21,https://www.senate.gov/legislative/LIS/roll_call_votes/vote1112/vote_111_2_00195.htm,Confirmed 89-0,John Corbett O'Meara
111,2,Gary Scott Feinerman,U.S. District Judge for the Northern District,PN1473,2010-02-24,https://www.congress.gov/nomination/111th-congress/1473,2010-06-28,https://www.senate.gov/legislative/LIS/roll_call_votes/vote1112/vote_111_2_00201.htm,Confirmed 80-0,Robert W
111,2,Sharon Johnson Coleman,United States Judge,PN1474,2010-02-24,https://www.congress.gov/nomination/111th-congress/1474,2010-07-12,https://www.senate.gov/legislative/LIS/roll_call_votes/vote1112/vote_111_2_00205.htm,Confirmed 86-0,Mark R
111,2,Jane Branstetter Stranch,U.S. Circuit Judge for the Sixth Circuit,PN885,2009-08-06,https://www.congress.gov/nomination/111th-congress/885,2010-09-13,https://www.senate.gov/legislative/LIS/roll_call_votes/vote1112/vote_111_2_00230.htm,Confirmed 71-21,Martha Craig Daughtrey
111,2,Ellen Lipton Hollander,United States District Judge,PN1655,2010-04-21,https://www.congress.gov/nomination/111th-congress/1655,2010-12-18,https://www.senate.gov/legislative/LIS/roll_call_votes/vote1112/vote_111_2_00280.htm,Confirmed 95-0,Andre M
111,2,"Raymond Joseph Lohier, Jr.",U.S. Circuit Judge,PN1548,2010-03-10,https://www.congress.gov/nomination/111th-congress/1548,2010-12-19,https://www.senate.gov/legislative/LIS/roll_call_votes/vote1112/vote_111_2_00284.htm,Confirmed 92-0,Sonia Sotomayor
111,2,William Joseph Martinez,United States District Judge for the District of Colorado,PN1472,2010-02-24,https://www.congress.gov/nomination/111th-congress/1472,2010-12-21,https://www.senate.gov/legislative/LIS/roll_call_votes/vote1112/vote_111_2_00291.htm,Confirmed 58-37,Edward W
112,1,Paul Kinloch Holmes III,U.S. District Judge,PN24,,,2011-02-07,https://www.senate.gov/legislative/LIS/roll_call_votes/vote1121/vote_112_1_00013.htm,Confirmed 95-0,
112,1,Diana Saldana,U.S. District Judge,PN36,,,2011-02-07,https://www.senate.gov/legislative/LIS/roll_call_votes/vote1121/vote_112_1_00012.htm,Confirmed 94-0,
112,1,Edward J. Davila,United States District Judge for the Northern District of California,PN21,,,2011-02-14,https://www.senate.gov/legislative/LIS/roll_call_votes/vote1121/vote_112_1_00015.htm,Confirmed 93-0,
112,1,Steve C. Jones,United States District Judge for the Northern District of Georgia,PN28,,,2011-02-28,https://www.senate.gov/legislative/LIS/roll_call_votes/vote1121/vote_112_1_00026.htm,Confirmed 90-0,
112,1,James E. Shadid,U.S. District Judge for the Central District of Illinois,PN37,,,2011-03-07,https://www.senate.gov/legislative/LIS/roll_call_votes/vote1121/vote_112_1_00032.htm,Confirmed 89-0,
112,1,"Max Oliver Cogburn, Jr.",U.S. District Judge,PN17,,,2011-03-10,https://www.senate.gov/legislative/LIS/roll_call_votes/vote1121/vote_112_1_00038.htm,Confirmed 96-0,
112,1,James Emanuel Boasberg,U.S. District Judge,PN12,,,2011-03-14,https://www.senate.gov/legislative/LIS/roll_call_votes/vote1121/vote_112_1_00039.htm,Confirmed 96-0,
112,1,Amy Berman Jackson,U.S. District Judge,PN26,,,2011-03-17,https://www.senate.gov/legislative/LIS/roll_call_votes/vote1121/vote_112_1_00045.htm,Confirmed 97-0,
112,1,Mae A. D'Agostino,U.S. District Judge,PN18,,,2011-03-28,https://www.senate.gov/legislative/LIS/roll_call_votes/vote1121/vote_112_1_00046.htm,Confirmed 88-0,
112,1,Jimmie V. Reyna,United States Circuit Judge for the Federal Circuit,PN1,,,2011-04-04,https://www.senate.gov/legislative/LIS/roll_call_votes/vote1121/vote_112_1_00047.htm,Confirmed 86-0,
112,1,John A. Kronstadt,United States District Judge,PN29,,,2011-04-12,https://www.senate.gov/legislative/LIS/roll_call_votes/vote1121/vote_112_1_00058.htm,Confirmed 96-0,
112,1,Kevin Hunter Sharp,United States District Judge,PN38,,,2011-05-02,https://www.senate.gov/legislative/LIS/roll_call_votes/vote1121/vote_112_1_00062.htm,Confirmed 89-0,
112,1,Edward Milton Chen,U.S. District Judge for the Northern District of California,PN16,,,2011-05-10,https://www.senate.gov/legislative/LIS/roll_call_votes/vote1121/vote_112_1_00068.htm,Confirmed 56-42,
112,1,Arenda L. Wright Allen,United States District Judge,PN9,,,2011-05-11,https://www.senate.gov/legislative/LIS/roll_call_votes/vote1121/vote_112_1_00069.htm,Confirmed 96-0,
112,1,Michael Francis Urbanski,U.S. District Judge for the Western District of Virginia,PN41,,,2011-05-12,https://www.senate.gov/legislative/LIS/roll_call_votes/vote1121/vote_112_1_00070.htm,Confirmed 94-0,
112,1,Susan L. Carney,U.S. Circuit Judge,PN8,,,2011-05-17,https://www.senate.gov/legislative/LIS/roll_call_votes/vote1121/vote_112_1_00071.htm,Confirmed 71-28,
112,1,Claire C. Cecchi,U.S. District Judge,PN15,,,2011-06-14,https://www.senate.gov/legislative/LIS/roll_call_votes/vote1121/vote_112_1_00088.htm,Confirmed 98-0,
112,1,Leon E. Panetta,Secretary of Defense,PN598,,,2011-06-21,https://www.senate.gov/legislative/LIS/roll_call_votes/vote1121/vote_112_1_00093.htm,Confirmed 100-0,
112,1,Michael H. Simon,U.S. District Judge,PN39,,,2011-06-21,https://www.senate.gov/legislative/LIS/roll_call_votes/vote1121/vote_112_1_00092.htm,Confirmed 64-35,
112,1,James Michael Cole,Deputy Attorney General,PN49,,,2011-06-28,https://www.senate.gov/legislative/LIS/roll_call_votes/vote1121/vote_112_1_00097.htm,Confirmed 55-42,
112,1,David H. Petraeus,Director of the Central Intelligence Agency,PN604,,,2011-06-30,https://www.senate.gov/legislative/LIS/roll_call_votes/vote1121/vote_112_1_00104.htm,Confirmed 94-0,
112,1,J. Paul Oetken,U.S. District Judge for the Southern District of New York,PN93,,,2011-07-18,https://www.senate.gov/legislative/LIS/roll_call_votes/vote1121/vote_112_1_00112.htm,Confirmed 80-13,
112,1,"Robert S. Mueller, III",Director of the Federal Bureau of Investigation,PN847,,,2011-07-27,https://www.senate.gov/legislative/LIS/roll_call_votes/vote1121/vote_112_1_00118.htm,Confirmed 100-0,
112,1,Bernice Bouie Donald,U.S. Circuit Judge for the Sixth Circuit,PN7,,,2011-09-06,https://www.senate.gov/legislative/LIS/roll_call_votes/vote1121/vote_112_1_00124.htm,Confirmed 96-2,
112,1,Timothy M. Cain,U.S. District Judge for the District of South Carolina,PN260,,,2011-09-20,https://www.senate.gov/legislative/LIS/roll_call_votes/vote1121/vote_112_1_00140.htm,Confirmed 99-0,
112,1,Henry F. Floyd,United States Circuit Judge for the Fourth Circuit,PN90,,,2011-10-03,https://www.senate.gov/legislative/LIS/roll_call_votes/vote1121/vote_112_1_00154.htm,Confirmed 96-0,
112,1,Jane Margaret Triche-Milazzo,U.S. District Judge.,PN350,,,2011-10-11,https://www.senate.gov/legislative/LIS/roll_call_votes/vote1121/vote_112_1_00158.htm,Confirmed 98-0,
112,1,Cathy Bissoon,United States District Judge,PN11,,,2011-10-17,https://www.senate.gov/legislative/LIS/roll_call_votes/vote1121/vote_112_1_00166.htm,Confirmed 82-3,
112,1,Robert David Mariani,United States District Judge,PN30,,,2011-10-19,https://www.senate.gov/legislative/LIS/roll_call_votes/vote1121/vote_112_1_00169.htm,Confirmed 82-17,
112,1,John Edgar Bryson,Secretary of Commerce,PN677,,,2011-10-20,https://www.senate.gov/legislative/LIS/roll_call_votes/vote1121/vote_112_1_00176.htm,Confirmed 74-26,
112,1,Heather A. Higginbottom,Deputy Director of the Office of Management and Budget,PN154,,,2011-10-20,https://www.senate.gov/legislative/LIS/roll_call_votes/vote1121/vote_112_1_00171.htm,Confirmed 64-36,
112,1,Stephen A. Higginson,U.S. Circuit Judge,PN511,,,2011-10-31,https://www.senate.gov/legislative/LIS/roll_call_votes/vote1121/vote_112_1_00188.htm,Confirmed 88-0,
112,1,Yvonne Gonzalez Rogers,U.S. District Judge,PN469,,,2011-11-15,https://www.senate.gov/legislative/LIS/roll_call_votes/vote1121/vote_112_1_00207.htm,Confirmed 89-6,
112,1,Sharon L. Gleason,U.S. District Judge,PN398,,,2011-11-15,https://www.senate.gov/legislative/LIS/roll_call_votes/vote1121/vote_112_1_00206.htm,Confirmed 87-8,
112,1,Christopher Droney,United States Circuit Judge for the Second Circuit,PN465,,,2011-11-28,https://www.senate.gov/legislative/LIS/roll_call_votes/vote1121/vote_112_1_00209.htm,Confirmed 88-0,
112,1,Edgardo Ramos,U.S. District Judge for the Southern District of New York,PN470,,,2011-12-05,https://www.senate.gov/legislative/LIS/roll_call_votes/vote1121/vote_112_1_00221.htm,Confirmed 89-0,
112,1,Morgan Christen,U.S. Circuit Judge,PN555,,,2011-12-15,https://www.senate.gov/legislative/LIS/roll_call_votes/vote1121/vote_112_1_00231.htm,Confirmed 95-3,
112,2,John M. Gerrard,U.S. District Judge for the District of Nebraska,PN468,,,2012-01-23,https://www.senate.gov/legislative/LIS/roll_call_votes/vote1122/vote_112_2_00001.htm,Confirmed 74-16,
112,2,Cathy Ann Bencivengo,U.S. District Judge,PN524,,,2012-02-09,https://www.senate.gov/legislative/LIS/roll_call_votes/vote1122/vote_112_2_00016.htm,Confirmed 90-6,
112,2,Adalberto Jose Jordan,U.S. Circuit Judge for the Eleventh Circuit,PN864,,,2012-02-15,https://www.senate.gov/legislative/LIS/roll_call_votes/vote1122/vote_112_2_00019.htm,Confirmed 94-5,
112,2,Jesse M. Furman,United States District Judge,PN632,,,2012-02-17,https://www.senate.gov/legislative/LIS/roll_call_votes/vote1122/vote_112_2_00021.htm,Confirmed 62-34,
112,2,Margo Kitsy Brodie,U.S. District Judge for the Eastern District of New York,PN631,,,2012-02-27,https://www.senate.gov/legislative/LIS/roll_call_votes/vote1122/vote_112_2_00023.htm,Confirmed 86-2,
112,2,Thomas Owen Rice,U.S. District Judge,PN736,,,2012-03-06,https://www.senate.gov/legislative/LIS/roll_call_votes/vote1122/vote_112_2_00027.htm,Confirmed 93-4,
112,2,Mary Elizabeth Phillips,U.S. District Judge,PN634,,,2012-03-06,https://www.senate.gov/legislative/LIS/roll_call_votes/vote1122/vote_112_2_00026.htm,Confirmed 95-2,
112,2,Michael Walter Fitzgerald,U.S. District Judge,PN786,,,2012-03-15,https://www.senate.gov/legislative/LIS/roll_call_votes/vote1122/vote_112_2_00050.htm,Confirmed 91-6,
112,2,Gina Marie Groh,U.S. District Judge,PN566,,,2012-03-15,https://www.senate.gov/legislative/LIS/roll_call_votes/vote1122/vote_112_2_00049.htm,Confirmed 95-2,
112,2,Ronnie Abrams,U.S. District Judge for the Southern District of New York,PN857,,,2012-03-22,https://www.senate.gov/legislative/LIS/roll_call_votes/vote1122/vote_112_2_00058.htm,Confirmed 96-2,
112,2,David Nuffer,United States District Judge for the District of Utah,PN735,,,2012-03-22,https://www.senate.gov/legislative/LIS/roll_call_votes/vote1122/vote_112_2_00057.htm,Confirmed 96-2,
112,2,Susie Morgan,U.S. District Judge,PN633,,,2012-03-28,https://www.senate.gov/legislative/LIS/roll_call_votes/vote1122/vote_112_2_00062.htm,Confirmed 96-1,
112,2,Miranda Du,U.S. District Judge,PN865,,,2012-03-28,https://www.senate.gov/legislative/LIS/roll_call_votes/vote1122/vote_112_2_00061.htm,Confirmed 59-39,
112,2,Stephanie Dawn Thacker,U.S. Circuit Judge for the Fourth Circuit,PN919,,,2012-04-16,https://www.senate.gov/legislative/LIS/roll_call_votes/vote1122/vote_112_2_00064.htm,Confirmed 91-3,
112,2,Brian C. Wimes,U.S. District Judge for the Eastern and Western Districts of Missouri,PN986,,,2012-04-23,https://www.senate.gov/legislative/LIS/roll_call_votes/vote1122/vote_112_2_00067.htm,Confirmed 92-1,
112,2,Gregg Jeffrey Costa,U.S. District Judge for the Southern District of Texas,PN920,,,2012-04-26,https://www.senate.gov/legislative/LIS/roll_call_votes/vote1122/vote_112_2_00083.htm,Confirmed 97-2,
112,2,Jacqueline H. Nguyen,U.S. Circuit Judge for the Ninth Circuit,PN985,,,2012-05-07,https://www.senate.gov/legislative/LIS/roll_call_votes/vote1122/vote_112_2_00088.htm,Confirmed 91-3,
112,2,"John J. Tharp, Jr.",United States District Judge for the Northern District of Illinois,PN1118,,,2012-05-14,https://www.senate.gov/legislative/LIS/roll_call_votes/vote1122/vote_112_2_00090.htm,Confirmed 86-1,
112,2,Paul J. Watford,United States Circuit Judge for the Ninth Circuit,PN1049,,,2012-05-21,https://www.senate.gov/legislative/LIS/roll_call_votes/vote1122/vote_112_2_00104.htm,Confirmed 61-34,
112,2,Timothy S. Hillman,U.S. District Judge,PN1131,,,2012-06-04,https://www.senate.gov/legislative/LIS/roll_call_votes/vote1122/vote_112_2_00114.htm,Confirmed 88-1,
112,2,Jeffrey J. Helmick,U.S. District Judge,PN525,,,2012-06-06,https://www.senate.gov/legislative/LIS/roll_call_votes/vote1122/vote_112_2_00116.htm,Confirmed 62-36,
112,2,Mary Geiger Lewis,U.S. District Judge for the District of South Carolina,PN349,,,2012-06-18,https://www.senate.gov/legislative/LIS/roll_call_votes/vote1122/vote_112_2_00122.htm,Confirmed 64-27,
112,2,Robin S. Rosenbaum,U.S. District Judge for the Southern District of Florida,PN1132,,,2012-06-26,https://www.senate.gov/legislative/LIS/roll_call_votes/vote1122/vote_112_2_00167.htm,Confirmed 92-3,
112,2,"John Thomas Fowlkes, Jr.",U.S. District Judge for the Western District of Tennessee,PN1196,,,2012-07-10,https://www.senate.gov/legislative/LIS/roll_call_votes/vote1122/vote_112_2_00173.htm,Confirmed 94-2,
112,2,Kevin McNulty,U.S. District Judge for the District of New Jersey,PN1197,,,2012-07-16,https://www.senate.gov/legislative/LIS/roll_call_votes/vote1122/vote_112_2_00178.htm,Confirmed 91-3,
112,2,Michael A. Shipp,U.S. District Judge for the District of New Jersey,PN1203,,,2012-07-23,https://www.senate.gov/legislative/LIS/roll_call_votes/vote1122/vote_112_2_00182.htm,Confirmed 91-1,
112,2,Gershwin A. Drain,U.S. District Judge for the Eastern District of Michigan,PN1123,,,2012-08-02,https://www.senate.gov/legislative/LIS/roll_call_votes/vote1122/vote_112_2_00189.htm,Confirmed 55-41,
112,2,Stephanie Marie Rose,U.S. District Judge,PN1342,,,2012-09-10,https://www.senate.gov/legislative/LIS/roll_call_votes/vote1122/vote_112_2_00190.htm,Confirmed 89-1,
112,2,Paul William Grimm,U.S. District Judge,PN1381,,,2012-12-03,https://www.senate.gov/legislative/LIS/roll_call_votes/vote1122/vote_112_2_00217.htm,Confirmed 92-1,
112,2,Michael P. Shea,U.S. District Judge,PN1341,,,2012-12-05,https://www.senate.gov/legislative/LIS/roll_call_votes/vote1122/vote_112_2_00222.htm,Confirmed 72-23,
112,2,Mark E. Walker,U.S. District Judge for the Northern District of Florida,PN1383,,,2012-12-06,https://www.senate.gov/legislative/LIS/roll_call_votes/vote1122/vote_112_2_00224.htm,Confirmed 94-0,
112,2,John E. Dowdell,U.S. District Judge,PN1405,,,2012-12-11,https://www.senate.gov/legislative/LIS/roll_call_votes/vote1122/vote_112_2_00226.htm,Confirmed 95-0,
112,2,Lorna G. Schofield,U.S. District Judge,PN1556,,,2012-12-13,https://www.senate.gov/legislative/LIS/roll_call_votes/vote1122/vote_112_2_00228.htm,Confirmed 91-0,
112,2,Carol J. Galante,Assistant Seceretary of Housing and Urban Development,PN1064,,,2012-12-30,https://www.senate.gov/legislative/LIS/roll_call_votes/vote1122/vote_112_2_00250.htm,Confirmed 69-24,
112,2,William Joseph Baer,Assistant Attorney General,PN1354,,,2012-12-30,https://www.senate.gov/legislative/LIS/roll_call_votes/vote1122/vote_112_2_00249.htm,Confirmed 64-26,
113,1,John Forbes Kerry,Secretary of State,PN42,,,2013-01-29,https://www.senate.gov/legislative/LIS/roll_call_votes/vote1131/vote_113_1_00005.htm,Confirmed 94-3,
113,1,"William J. Kayatta, Jr.",United States Circuit Judge for the First Circuit,PN3,,,2013-02-13,https://www.senate.gov/legislative/LIS/roll_call_votes/vote1131/vote_113_1_00020.htm,Confirmed 88-12,
113,1,Robert E. Bacharach,U.S. Circuit Judge for the Tenth District,PN1,,,2013-02-25,https://www.senate.gov/legislative/LIS/roll_call_votes/vote1131/vote_113_1_00022.htm,Confirmed 93-0,
113,1,Charles Timothy Hagel,Secretary of Defense,PN34,,,2013-02-26,https://www.senate.gov/legislative/LIS/roll_call_votes/vote1131/vote_113_1_00024.htm,Confirmed 58-41,
113,1,Jacob J. Lew,Secretary of the Treasury,PN40,,,2013-02-27,https://www.senate.gov/legislative/LIS/roll_call_votes/vote1131/vote_113_1_00025.htm,Confirmed 71-26,
113,1,Katherine Polk Failla,U.S. District Judge,PN15,,,2013-03-04,https://www.senate.gov/legislative/LIS/roll_call_votes/vote1131/vote_113_1_00028.htm,Confirmed 91-0,
113,1,John Owen Brennan,Director of the Central Intelligence Agency,PN48,,,2013-03-07,https://www.senate.gov/legislative/LIS/roll_call_votes/vote1131/vote_113_1_00032.htm,Confirmed 63-34,
113,1,Richard Gary Taranto,U.S. Circuit Judge for the Federal Circuit,PN7,,,2013-03-11,https://www.senate.gov/legislative/LIS/roll_call_votes/vote1131/vote_113_1_00033.htm,Confirmed 91-0,
113,1,Patty Shwartz,U.S. Circuit Judge for the Third Circuit,PN5,,,2013-04-09,https://www.senate.gov/legislative/LIS/roll_call_votes/vote1131/vote_113_1_00093.htm,Confirmed 64-34,
113,1,Sarah Jewell,Secretary of the Interior,PN135,,,2013-04-10,https://www.senate.gov/legislative/LIS/roll_call_votes/vote1131/vote_113_1_00094.htm,Confirmed 87-11,
113,1,Derrick Kahala Watson,U.S. District Judge,PN31,,,2013-04-18,https://www.senate.gov/legislative/LIS/roll_call_votes/vote1131/vote_113_1_00106.htm,Confirmed 94-0,
113,1,Sylvia Mathews Burwell,Director of the Office of Management and Budget,PN188,,,2013-04-24,https://www.senate.gov/legislative/LIS/roll_call_votes/vote1131/vote_113_1_00109.htm,Confirmed 96-0,
113,1,Jane Kelly,U.S. Circuit Judge for the Eighth Circuit,PN127,,,2013-04-24,https://www.senate.gov/legislative/LIS/roll_call_votes/vote1131/vote_113_1_00108.htm,Confirmed 96-0,
113,1,David Medine,Chairman and Member of the Privacy and Civil Liberties Oversight Board,PN50,,,2013-05-07,https://www.senate.gov/legislative/LIS/roll_call_votes/vote1131/vote_113_1_00114.htm,Confirmed 53-45,
113,1,Nelson Stephen Roman,United States District Judge,PN27,,,2013-05-09,https://www.senate.gov/legislative/LIS/roll_call_votes/vote1131/vote_113_1_00118.htm,Confirmed 97-0,
113,1,Marilyn B. Tavenner,Administrator of the Centers for Medicare and Medicaid Services,PN138,,,2013-05-15,https://www.senate.gov/legislative/LIS/roll_call_votes/vote1131/vote_113_1_00126.htm,Confirmed 91-7,
113,1,"William H. Orrick, III",U.S. District Judge for the Northern District of California,PN24,,,2013-05-15,https://www.senate.gov/legislative/LIS/roll_call_votes/vote1131/vote_113_1_00125.htm,Confirmed 56-41,
113,1,Ernest J. Moniz,Secretary of Energy,PN193,,,2013-05-16,https://www.senate.gov/legislative/LIS/roll_call_votes/vote1131/vote_113_1_00127.htm,Confirmed 97-0,
113,1,Sheri Polster Chappell,United States District Judge,PN10,,,2013-05-20,https://www.senate.gov/legislative/LIS/roll_call_votes/vote1131/vote_113_1_00128.htm,Confirmed 90-0,
113,1,Srikanth Srinivasan,U.S. Circuit Judge for D.C. Circuit,PN6,,,2013-05-23,https://www.senate.gov/legislative/LIS/roll_call_votes/vote1131/vote_113_1_00136.htm,Confirmed 97-0,
113,1,Jeffrey L. Schmehl,United States District Judge,PN28,,,2013-06-13,https://www.senate.gov/legislative/LIS/roll_call_votes/vote1131/vote_113_1_00149.htm,Confirmed 100-0,
113,1,Kenneth John Gonzales,U.S. District Judge,PN16,,,2013-06-17,https://www.senate.gov/legislative/LIS/roll_call_votes/vote1131/vote_113_1_00150.htm,Confirmed 89-0,
113,1,Michael Froman,U.S. Trade Representative,PN407,,,2013-06-19,https://www.senate.gov/legislative/LIS/roll_call_votes/vote1131/vote_113_1_00158.htm,Confirmed 93-4,
113,1,Penny Pritzker,Secretary of Commerce,PN413,,,2013-06-25,https://www.senate.gov/legislative/LIS/roll_call_votes/vote1131/vote_113_1_00161.htm,Confirmed 97-1,
113,1,Anthony Renard Foxx,Secretary of Transportation,PN406,,,2013-06-27,https://www.senate.gov/legislative/LIS/roll_call_votes/vote1131/vote_113_1_00165.htm,Confirmed 100-0,
113,1,Gregory Alan Phillips,U.S. Circuit Judge for the Tenth Circuit,PN128,,,2013-07-08,https://www.senate.gov/legislative/LIS/roll_call_votes/vote1131/vote_113_1_00169.htm,Confirmed 88-0,
113,1,Jennifer A. Dorsey,U.S. District Judge for the District of Nevada,PN14,,,2013-07-09,https://www.senate.gov/legislative/LIS/roll_call_votes/vote1131/vote_113_1_00170.htm,Confirmed 54-41,
113,1,Richard Cordray,Director of the Bureau of Consumer Financial Protection,PN157,,,2013-07-16,https://www.senate.gov/legislative/LIS/roll_call_votes/vote1131/vote_113_1_00174.htm,Confirmed 66-34,
113,1,Fred P. Hochberg,President of the Export-Import Bank of the United States,PN239,,,2013-07-17,https://www.senate.gov/legislative/LIS/roll_call_votes/vote1131/vote_113_1_00176.htm,Confirmed 82-17,
113,1,Regina McCarthy,Administrator of the Environmental Protection Agency,PN192,,,2013-07-18,https://www.senate.gov/legislative/LIS/roll_call_votes/vote1131/vote_113_1_00180.htm,Confirmed 59-40,
113,1,Thomas Edward Perez,Secretary of Labor,PN205,,,2013-07-18,https://www.senate.gov/legislative/LIS/roll_call_votes/vote1131/vote_113_1_00178.htm,Confirmed 54-46,
113,1,"James B. Comey, Jr.",Director of the Federal Bureau of Investigation,PN586,,,2013-07-29,https://www.senate.gov/legislative/LIS/roll_call_votes/vote1131/vote_113_1_00188.htm,Confirmed 93-1,
113,1,Mark Gaston Pearce,Member of the National Labor Relations Board,PN266,,,2013-07-30,https://www.senate.gov/legislative/LIS/roll_call_votes/vote1131/vote_113_1_00194.htm,Confirmed 59-38,
113,1,Nancy Jean Schiffer,Member of the National Labor Relations Board,PN680,,,2013-07-30,https://www.senate.gov/legislative/LIS/roll_call_votes/vote1131/vote_113_1_00192.htm,Confirmed 54-44,
113,1,Kent Yoshiho Hirozawa,Member of the National Labor Relations Board,PN679,,,2013-07-30,https://www.senate.gov/legislative/LIS/roll_call_votes/vote1131/vote_113_1_00190.htm,Confirmed 54-44,
113,1,Byron Todd Jones,"Director, Bureau of Alcohol, Tobacco, Firearms, and Explosives",PN120,,,2013-07-31,https://www.senate.gov/legislative/LIS/roll_call_votes/vote1131/vote_113_1_00197.htm,Confirmed 53-42,
113,1,Samantha Power,Representative of the United States of America to the United Nations and Security Council of UN,PN554,,,2013-08-01,https://www.senate.gov/legislative/LIS/roll_call_votes/vote1131/vote_113_1_00200.htm,Confirmed 87-10,
113,1,Raymond T. Chen,U.S. Circuit Judge for the Federal Circuit,PN133,,,2013-08-01,https://www.senate.gov/legislative/LIS/roll_call_votes/vote1131/vote_113_1_00198.htm,Confirmed 97-0,
113,1,Valerie E. Caproni,U.S. District Judge for the Southern District of New York,PN9,,,2013-09-09,https://www.senate.gov/legislative/LIS/roll_call_votes/vote1131/vote_113_1_00201.htm,Confirmed 73-24,
113,1,Elaine D. Kaplan,Judge of the U.S. Court of Federal Claims,PN202,,,2013-09-17,https://www.senate.gov/legislative/LIS/roll_call_votes/vote1131/vote_113_1_00202.htm,Confirmed 64-35,
113,1,Todd M. Hughes,U.S. Circuit Judge for the Federal Circuit,PN134,,,2013-09-24,https://www.senate.gov/legislative/LIS/roll_call_votes/vote1131/vote_113_1_00204.htm,Confirmed 98-0,
113,1,Colin Stirling Bruce,United States District Judge for the Central District of Illinois,PN384,,,2013-10-07,https://www.senate.gov/legislative/LIS/roll_call_votes/vote1131/vote_113_1_00213.htm,Confirmed 96-0,
113,1,Madeline Hughes Haikala,U.S. District Judge for the Northern District of Alabama,PN409,,,2013-10-14,https://www.senate.gov/legislative/LIS/roll_call_votes/vote1131/vote_113_1_00217.htm,Confirmed 90-0,
113,1,Katherine Archuleta,Director of the Office of Personnel Management,PN509,,,2013-10-30,https://www.senate.gov/legislative/LIS/roll_call_votes/vote1131/vote_113_1_00225.htm,Confirmed 62-35,
113,1,Debra M. Brown,U.S. District Judge for the Northern District of Mississippi,PN422,,,2013-11-04,https://www.senate.gov/legislative/LIS/roll_call_votes/vote1131/vote_113_1_00228.htm,Confirmed 90-0,
113,1,Patricia Ann Millett,U.S. Circuit Judge for the District of Columbia Circuit,PN527,,,2013-12-10,https://www.senate.gov/legislative/LIS/roll_call_votes/vote1131/vote_113_1_00247.htm,Confirmed 56-38,
113,1,Susan P. Watters,U.S. District Judge for the District of Montana,PN462,,,2013-12-12,https://www.senate.gov/legislative/LIS/roll_call_votes/vote1131/vote_113_1_00268.htm,Confirmed 77-19,
113,1,Brian Morris,U.S. District Judge for the District of Montana,PN461,,,2013-12-12,https://www.senate.gov/legislative/LIS/roll_call_votes/vote1131/vote_113_1_00266.htm,Confirmed 75-20,
113,1,Landya B. McCafferty,U.S. District Judge,PN460,,,2013-12-12,https://www.senate.gov/legislative/LIS/roll_call_votes/vote1131/vote_113_1_00262.htm,Confirmed 79-19,
113,1,Elizabeth A. Wolford,U.S. District Judge,PN424,,,2013-12-12,https://www.senate.gov/legislative/LIS/roll_call_votes/vote1131/vote_113_1_00260.htm,Confirmed 70-29,
113,1,Chai Rachel Feldblum,Member of the Equal Employment Opportunity Commission,PN507,,,2013-12-12,https://www.senate.gov/legislative/LIS/roll_call_votes/vote1131/vote_113_1_00258.htm,Confirmed 54-41,
113,1,Cornelia T.L. Pillard,U.S. Circuit Judge for the District of Columbia Circuit,PN528,,,2013-12-12,https://www.senate.gov/legislative/LIS/roll_call_votes/vote1131/vote_113_1_00256.htm,Confirmed 51-44,
113,1,Deborah Lee James,Secretary of the Air Force,PN774,,,2013-12-13,https://www.senate.gov/legislative/LIS/roll_call_votes/vote1131/vote_113_1_00270.htm,Confirmed 79-6,
113,1,Jeh Charles Johnson,Secretary of Homeland Security,PN925,,,2013-12-16,https://www.senate.gov/legislative/LIS/roll_call_votes/vote1131/vote_113_1_00276.htm,Confirmed 78-16,
113,1,Anne W. Patterson,Assistant Secretary of State,PN786,,,2013-12-16,https://www.senate.gov/legislative/LIS/roll_call_votes/vote1131/vote_113_1_00274.htm,Confirmed 78-16,
113,1,Brian J. Davis,U.S. District Judge,PN12,,,2013-12-20,https://www.senate.gov/legislative/LIS/roll_call_votes/vote1131/vote_113_1_00290.htm,Confirmed 68-26,
113,2,Robert Leon Wilkins,U.S. Circuit Judge for the D.C. Circuit,PN529,,,2014-01-13,https://www.senate.gov/legislative/LIS/roll_call_votes/vote1132/vote_113_2_00007.htm,Confirmed 55-43,
113,2,Max Sieben Baucus,Ambassador to the People's Republic of China,PN1295,,,2014-02-06,https://www.senate.gov/legislative/LIS/roll_call_votes/vote1132/vote_113_2_00025.htm,Confirmed 96-0,
113,2,Charles Hammerman Rivkin,Assistant Secretary of State,PN1100,,,2014-02-11,https://www.senate.gov/legislative/LIS/roll_call_votes/vote1132/vote_113_2_00029.htm,Confirmed 92-6,
113,2,Sarah Sewall,Under Secretary of State,PN1097,,,2014-02-11,https://www.senate.gov/legislative/LIS/roll_call_votes/vote1132/vote_113_2_00028.htm,Confirmed 97-1,
113,2,Richard Stengel,Under Secretary of State,PN1096,,,2014-02-11,https://www.senate.gov/legislative/LIS/roll_call_votes/vote1132/vote_113_2_00027.htm,Confirmed 90-8,
113,2,Catherine Ann Novelli,United States Alternate Governor of the International Bank for Reconstruction and Development,PN1119,,,2014-02-12,https://www.senate.gov/legislative/LIS/roll_call_votes/vote1132/vote_113_2_00032.htm,Confirmed 97-0,
113,2,Daniel Bennett Smith,Assistant Secretary of State,PN1178,,,2014-02-12,https://www.senate.gov/legislative/LIS/roll_call_votes/vote1132/vote_113_2_00031.htm,Confirmed 98-0,
113,2,Tina S. Kaidanow,Coordinator for Counterterrorism,PN1114,,,2014-02-12,https://www.senate.gov/legislative/LIS/roll_call_votes/vote1132/vote_113_2_00030.htm,Confirmed 98-0,
113,2,Jeffrey Alker Meyer,U.S. District Judge for the District of Connecticut,PN1192,,,2014-02-24,https://www.senate.gov/legislative/LIS/roll_call_votes/vote1132/vote_113_2_00037.htm,Confirmed 91-2,
113,2,Beth Labson Freeman,U.S. District Judge for the Northern District,PN1194,,,2014-02-25,https://www.senate.gov/legislative/LIS/roll_call_votes/vote1132/vote_113_2_00043.htm,Confirmed 91-7,
113,2,James Donato,U.S. District Judge for the Northern District,PN1193,,,2014-02-25,https://www.senate.gov/legislative/LIS/roll_call_votes/vote1132/vote_113_2_00041.htm,Confirmed 90-5,
113,2,"James Maxwell Moody, Jr.",U.S. District Judge for the Eastern District,PN1203,,,2014-02-25,https://www.senate.gov/legislative/LIS/roll_call_votes/vote1132/vote_113_2_00039.htm,Confirmed 95-4,
113,2,Vince Girdhari Chhabria,U.S. District Judge,PN1199,,,2014-03-05,https://www.senate.gov/legislative/LIS/roll_call_votes/vote1132/vote_113_2_00056.htm,Confirmed 58-41,
113,2,Timothy L. Brooks,U.S. District Judge,PN1191,,,2014-03-05,https://www.senate.gov/legislative/LIS/roll_call_votes/vote1132/vote_113_2_00054.htm,Confirmed 100-0,
113,2,Pedro A. Hernandez,U.S. District Judge,PN1196,,,2014-03-05,https://www.senate.gov/legislative/LIS/roll_call_votes/vote1132/vote_113_2_00050.htm,Confirmed 98-0,
113,2,Rose Eilene Gottemoeller,Under Secretary of State for Arms Control and International Security,PN1106,,,2014-03-06,https://www.senate.gov/legislative/LIS/roll_call_votes/vote1132/vote_113_2_00058.htm,Confirmed 58-42,
113,2,Linda Vivienne Parker,U.S. District Judge for the Eastern District of Michigan,PN1204,,,2014-03-12,https://www.senate.gov/legislative/LIS/roll_call_votes/vote1132/vote_113_2_00071.htm,Confirmed 60-37,
113,2,Laurie J. Michelson,U.S. District Judge for the Eastern District of Michigan,PN1202,,,2014-03-12,https://www.senate.gov/legislative/LIS/roll_call_votes/vote1132/vote_113_2_00070.htm,Confirmed 98-0,
113,2,Judith Ellen Levy,U.S. District Judge for the Eastern District of Michigan,PN1201,,,2014-03-12,https://www.senate.gov/legislative/LIS/roll_call_votes/vote1132/vote_113_2_00069.htm,Confirmed 97-0,
113,2,Matthew Frederick Leitman,U.S. District Judge for the Eastern District of Michigan,PN1200,,,2014-03-12,https://www.senate.gov/legislative/LIS/roll_call_votes/vote1132/vote_113_2_00068.htm,Confirmed 98-0,
113,2,Carolyn B. McHugh,U.S. Circuit Judge for the Tenth Circuit,PN1181,,,2014-03-12,https://www.senate.gov/legislative/LIS/roll_call_votes/vote1132/vote_113_2_00067.htm,Confirmed 98-0,
113,2,Caroline Diane Krass,General Counsel of the Central Intelligence Agency,PN1179,,,2014-03-13,https://www.senate.gov/legislative/LIS/roll_call_votes/vote1132/vote_113_2_00076.htm,Confirmed 95-4,
113,2,Edward G. Smith,U.S. District Judge,PN1210,,,2014-03-26,https://www.senate.gov/legislative/LIS/roll_call_votes/vote1132/vote_113_2_00087.htm,Confirmed 69-31,
113,2,"Gerald Austin McHugh, Jr.",U.S. District Judge,PN1209,,,2014-03-26,https://www.senate.gov/legislative/LIS/roll_call_votes/vote1132/vote_113_2_00086.htm,Confirmed 59-41,
113,2,M. Douglas Harpool,U.S. District Judge,PN1207,,,2014-03-26,https://www.senate.gov/legislative/LIS/roll_call_votes/vote1132/vote_113_2_00085.htm,Confirmed 93-5,
113,2,Christopher Reid Cooper,U.S. District Judge for the District of Columbia,PN1205,,,2014-03-26,https://www.senate.gov/legislative/LIS/roll_call_votes/vote1132/vote_113_2_00084.htm,Confirmed 100-0,
113,2,John P. Carlin,Assistant Attorney General,PN1243,,,2014-04-01,https://www.senate.gov/legislative/LIS/roll_call_votes/vote1132/vote_113_2_00095.htm,Confirmed 99-1,
113,2,Neil Gregory Kornze,Director of the Bureau of Land Management,PN1074,,,2014-04-08,https://www.senate.gov/legislative/LIS/roll_call_votes/vote1132/vote_113_2_00102.htm,Confirmed 71-28,
113,2,Terrell McSweeny,Federal Trade Commissioner,PN1063,,,2014-04-09,https://www.senate.gov/legislative/LIS/roll_call_votes/vote1132/vote_113_2_00105.htm,Confirmed 95-1,
113,2,Wanda Felton,First Vice President of the Export-Import Bank of the United States,PN1056,,,2014-04-09,https://www.senate.gov/legislative/LIS/roll_call_votes/vote1132/vote_113_2_00104.htm,Confirmed 75-21,
113,2,Michelle T. Friedland,U.S. Circuit Judge for the Ninth Circuit,PN1182,,,2014-04-28,https://www.senate.gov/legislative/LIS/roll_call_votes/vote1132/vote_113_2_00108.htm,Confirmed 51-40,
113,2,Jon David Levy,U.S. District Judge for the District of Maine,PN1214,,,2014-04-30,https://www.senate.gov/legislative/LIS/roll_call_votes/vote1132/vote_113_2_00123.htm,Confirmed 75-20,
113,2,Cynthia Ann Bashant,U.S. District Judge for the Southern District of California,PN1211,,,2014-04-30,https://www.senate.gov/legislative/LIS/roll_call_votes/vote1132/vote_113_2_00122.htm,Confirmed 94-0,
113,2,Daniel D. Crabtree,U.S. District Judge for the District of Kansas,PN1206,,,2014-04-30,https://www.senate.gov/legislative/LIS/roll_call_votes/vote1132/vote_113_2_00121.htm,Confirmed 94-0,
113,2,Manish S. Shah,U.S. District Judge for the Northern District of Illinois,PN1217,,,2014-04-30,https://www.senate.gov/legislative/LIS/roll_call_votes/vote1132/vote_113_2_00120.htm,Confirmed 95-0,
113,2,Stanley Allen Bastian,U.S. District Judge for the Eastern District of Washington,PN1212,,,2014-04-30,https://www.senate.gov/legislative/LIS/roll_call_votes/vote1132/vote_113_2_00119.htm,Confirmed 95-0,
113,2,Sheryl H. Lipman,U.S. District Judge for the Western District of Tennessee,PN1208,,,2014-04-30,https://www.senate.gov/legislative/LIS/roll_call_votes/vote1132/vote_113_2_00118.htm,Confirmed 95-0,
113,2,Janice Marion Schneider,Assistant Secretary,PN1071,,,2014-05-01,https://www.senate.gov/legislative/LIS/roll_call_votes/vote1132/vote_113_2_00129.htm,Confirmed 64-32,
113,2,George Jarrod Hazel,U.S. District Judge for the District of Maryland,PN1222,,,2014-05-01,https://www.senate.gov/legislative/LIS/roll_call_votes/vote1132/vote_113_2_00128.htm,Confirmed 95-0,
113,2,Theodore David Chuang,U.S. District Judge for the District of Maryland,PN1221,,,2014-05-01,https://www.senate.gov/legislative/LIS/roll_call_votes/vote1132/vote_113_2_00127.htm,Confirmed 53-42,
113,2,Nancy L. Moritz,U.S. Circuit Judge for the Tenth Circuit,PN1183,,,2014-05-05,https://www.senate.gov/legislative/LIS/roll_call_votes/vote1132/vote_113_2_00130.htm,Confirmed 90-3,
113,2,Nancy J. Rosenstengel,U.S. District Judge,PN1224,,,2014-05-08,https://www.senate.gov/legislative/LIS/roll_call_votes/vote1132/vote_113_2_00139.htm,Confirmed 95-0,
113,2,James D. Peterson,U.S. District Judge,PN1223,,,2014-05-08,https://www.senate.gov/legislative/LIS/roll_call_votes/vote1132/vote_113_2_00138.htm,Confirmed 70-24,
113,2,Indira Talwani,U.S. District Judge,PN1220,,,2014-05-08,https://www.senate.gov/legislative/LIS/roll_call_votes/vote1132/vote_113_2_00137.htm,Confirmed 94-0,
113,2,Diane J. Humetewa,U.S. District Judge for the District of Arizona,PN1213,,,2014-05-14,https://www.senate.gov/legislative/LIS/roll_call_votes/vote1132/vote_113_2_00149.htm,Confirmed 96-0,
113,2,John Joseph Tuchi,U.S. District Judge for the District of Arizona,PN1218,,,2014-05-14,https://www.senate.gov/legislative/LIS/roll_call_votes/vote1132/vote_113_2_00148.htm,Confirmed 96-0,
113,2,Steven Paul Logan,U.S. District Judge for the District of Arizona,PN1215,,,2014-05-14,https://www.senate.gov/legislative/LIS/roll_call_votes/vote1132/vote_113_2_00147.htm,Confirmed 96-0,
113,2,James Alan Soto,U.S. District Judge for the District of Arizona,PN1233,,,2014-05-15,https://www.senate.gov/legislative/LIS/roll_call_votes/vote1132/vote_113_2_00155.htm,Confirmed 93-1,
113,2,Douglas L. Rayes,U.S. District Judge for the District of Arizona,PN1216,,,2014-05-15,https://www.senate.gov/legislative/LIS/roll_call_votes/vote1132/vote_113_2_00154.htm,Confirmed 77-19,
113,2,Rosemary Marquez,U.S. District Judge for the District of Arizona,PN1189,,,2014-05-15,https://www.senate.gov/legislative/LIS/roll_call_votes/vote1132/vote_113_2_00153.htm,Confirmed 81-15,
113,2,Gregg Jeffrey Costa,U.S. Circuit Judge for the Fifth Circuit,PN1188,,,2014-05-20,https://www.senate.gov/legislative/LIS/roll_call_votes/vote1132/vote_113_2_00158.htm,Confirmed 97-0,
113,2,Stanley Fischer,"Member of the Board of Governors, Federal Reserve System",PN1343,,,2014-05-21,https://www.senate.gov/legislative/LIS/roll_call_votes/vote1132/vote_113_2_00160.htm,Confirmed 68-27,
113,2,David Jeremiah Barron,U.S. Circuit Judge for the First Circuit,PN1185,,,2014-05-22,https://www.senate.gov/legislative/LIS/roll_call_votes/vote1132/vote_113_2_00162.htm,Confirmed 53-45,
113,2,Sharon Y. Bowen,Commissioner of the Commodity Futures Trading Commission,PN1289,,,2014-06-03,https://www.senate.gov/legislative/LIS/roll_call_votes/vote1132/vote_113_2_00167.htm,Confirmed 48-46,
113,2,Sylvia Mathews Burwell,Secretary of Health and Human Services,PN1612,,,2014-06-05,https://www.senate.gov/legislative/LIS/roll_call_votes/vote1132/vote_113_2_00175.htm,Confirmed 78-17,
113,2,of Richard Franklin Boulware II,United States District Judge for the District of Nevada,PN1346,,,2014-06-10,https://www.senate.gov/legislative/LIS/roll_call_votes/vote1132/vote_113_2_00181.htm,Confirmed 58-35,
113,2,of Leo T. Sorokin,United States District Judge for the District of Massachusetts,PN1232,,,2014-06-10,https://www.senate.gov/legislative/LIS/roll_call_votes/vote1132/vote_113_2_00180.htm,Confirmed 91-0,
113,2,of M. Hannah Lauck,United States District Judge for the Eastern District,PN1229,,,2014-06-10,https://www.senate.gov/legislative/LIS/roll_call_votes/vote1132/vote_113_2_00179.htm,Confirmed 90-0,
113,2,Stanley Fischer,Vice Chairman of the Board of Governors of the Federal Reserve System,PN1342,,,2014-06-12,https://www.senate.gov/legislative/LIS/roll_call_votes/vote1132/vote_113_2_00191.htm,Confirmed 63-24,
113,2,Jerome H. Powell,Member of the Board of Governors of the Federal Reserve System,PN1350,,,2014-06-12,https://www.senate.gov/legislative/LIS/roll_call_votes/vote1132/vote_113_2_00190.htm,Confirmed 67-24,
113,2,Lael Brainard,Member of the Board of Governors of the Federal Reserve System,PN1344,,,2014-06-12,https://www.senate.gov/legislative/LIS/roll_call_votes/vote1132/vote_113_2_00189.htm,Confirmed 61-31,
113,2,Crystal Nix-Hines,"Ambassador United Nations Educational, Scientific, and Cultural Organization",PN1111,,,2014-06-12,https://www.senate.gov/legislative/LIS/roll_call_votes/vote1132/vote_113_2_00188.htm,Confirmed 52-41,
113,2,Peter Joseph Kadzik,Assistant Attorney General,PN1244,,,2014-06-17,https://www.senate.gov/legislative/LIS/roll_call_votes/vote1132/vote_113_2_00199.htm,Confirmed 55-43,
113,2,Darrin P. Gayles,U.S. District Judge,PN1400,,,2014-06-17,https://www.senate.gov/legislative/LIS/roll_call_votes/vote1132/vote_113_2_00197.htm,Confirmed 98-0,
113,2,Staci Michelle Yandle,U.S. District Judge,PN1348,,,2014-06-17,https://www.senate.gov/legislative/LIS/roll_call_votes/vote1132/vote_113_2_00196.htm,Confirmed 52-44,
113,2,"Salvador Mendoza, Jr.",U.S. District Judge,PN1347,,,2014-06-17,https://www.senate.gov/legislative/LIS/roll_call_votes/vote1132/vote_113_2_00195.htm,Confirmed 92-4,
113,2,Leon Rodriguez,Director of the United States Citizenship and Immigration Services,PN1298,,,2014-06-24,https://www.senate.gov/legislative/LIS/roll_call_votes/vote1132/vote_113_2_00211.htm,Confirmed 52-44,
113,2,Geoffrey W. Crawford,U.S. District Judge,PN1717,,,2014-06-24,https://www.senate.gov/legislative/LIS/roll_call_votes/vote1132/vote_113_2_00209.htm,Confirmed 95-0,
113,2,Beth Bloom,U.S. District Judge,PN1398,,,2014-06-24,https://www.senate.gov/legislative/LIS/roll_call_votes/vote1132/vote_113_2_00208.htm,Confirmed 95-0,
113,2,Carlos Eduardo Mendoza,U.S. District Judge,PN1401,,,2014-06-24,https://www.senate.gov/legislative/LIS/roll_call_votes/vote1132/vote_113_2_00207.htm,Confirmed 94-0,
113,2,Paul G. Byron,U.S. District Judge,PN1399,,,2014-06-24,https://www.senate.gov/legislative/LIS/roll_call_votes/vote1132/vote_113_2_00206.htm,Confirmed 94-0,
113,2,Stuart E. Jones,Ambassador of U.S.A. to the Republic of Iraq,PN1704,,,2014-06-26,https://www.senate.gov/legislative/LIS/roll_call_votes/vote1132/vote_113_2_00216.htm,Confirmed 93-0,
113,2,Cheryl Ann Krause,United States Circuit Judge for the Third Circuit,PN1397,,,2014-07-07,https://www.senate.gov/legislative/LIS/roll_call_votes/vote1132/vote_113_2_00217.htm,Confirmed 93-0,
113,2,Julian Castro,Secretary of Housing and Urban Development,PN1736,,,2014-07-09,https://www.senate.gov/legislative/LIS/roll_call_votes/vote1132/vote_113_2_00219.htm,Confirmed 71-26,
113,2,Shaun L. S. Donovan,Director of the Office of Management and Budget,PN1737,,,2014-07-10,https://www.senate.gov/legislative/LIS/roll_call_votes/vote1132/vote_113_2_00221.htm,Confirmed 75-22,
113,2,Cheryl A. LaFleur,Member of FERC,PN1643,,,2014-07-15,https://www.senate.gov/legislative/LIS/roll_call_votes/vote1132/vote_113_2_00225.htm,Confirmed 90-7,
113,2,Norman C. Bay,Member of FERC,PN1368,,,2014-07-15,https://www.senate.gov/legislative/LIS/roll_call_votes/vote1132/vote_113_2_00224.htm,Confirmed 52-45,
113,2,Ronnie L. White,U.S. District Judge for the Eastern District of Missouri,PN1225,,,2014-07-16,https://www.senate.gov/legislative/LIS/roll_call_votes/vote1132/vote_113_2_00227.htm,Confirmed 53-44,
113,2,Julie E. Carnes,U.S. Circuit Judge for the Eleventh Circuit,PN1187,,,2014-07-21,https://www.senate.gov/legislative/LIS/roll_call_votes/vote1132/vote_113_2_00233.htm,Confirmed 94-0,
113,2,John W. deGravelles,"U.S. District Judge, Middle District of Louisiana",PN1516,,,2014-07-22,https://www.senate.gov/legislative/LIS/roll_call_votes/vote1132/vote_113_2_00239.htm,Confirmed 100-0,
113,2,Robin L. Rosenberg,"U.S. District Judge, Southern District of Florida",PN1476,,,2014-07-22,https://www.senate.gov/legislative/LIS/roll_call_votes/vote1132/vote_113_2_00238.htm,Confirmed 100-0,
113,2,"Andre Birotte, Jr.","U.S. District Judge, Central District of California",PN1551,,,2014-07-22,https://www.senate.gov/legislative/LIS/roll_call_votes/vote1132/vote_113_2_00237.htm,Confirmed 100-0,
113,2,Pamela Harris,U.S. Circuit Judge for the Fourth Circuit,PN1696,,,2014-07-28,https://www.senate.gov/legislative/LIS/roll_call_votes/vote1132/vote_113_2_00242.htm,Confirmed 50-43,
113,2,Robert Alan McDonald,Secretary of Veterans Affairs,PN1833,,,2014-07-29,https://www.senate.gov/legislative/LIS/roll_call_votes/vote1132/vote_113_2_00243.htm,Confirmed 97-0,
113,2,Henry J. Aaron,Member of the Social Security Advisory Board,PN1263,,,2014-09-08,https://www.senate.gov/legislative/LIS/roll_call_votes/vote1132/vote_113_2_00258.htm,Confirmed 54-43,
113,2,Jill A. Pryor,U.S. Circuit Judge,PN1180,,,2014-09-08,https://www.senate.gov/legislative/LIS/roll_call_votes/vote1132/vote_113_2_00257.htm,Confirmed 97-0,
113,2,Stephen G. Burns,Member of the Nuclear Regulatory Commission,PN1931,,,2014-09-16,https://www.senate.gov/legislative/LIS/roll_call_votes/vote1132/vote_113_2_00266.htm,Confirmed 60-40,
113,2,Jeffery Martin Baran,Member of the Nuclear Regulatory Commission,PN1930,,,2014-09-16,https://www.senate.gov/legislative/LIS/roll_call_votes/vote1132/vote_113_2_00265.htm,Confirmed 56-44,
113,2,John R. Bass,Ambassador of the United States to the Republic of Turkey,PN1738,,,2014-09-17,https://www.senate.gov/legislative/LIS/roll_call_votes/vote1132/vote_113_2_00267.htm,Confirmed 98-0,
113,2,Leigh Martin May,U.S. District Judge for the Northern District of Georgia,PN1230,,,2014-11-13,https://www.senate.gov/legislative/LIS/roll_call_votes/vote1132/vote_113_2_00274.htm,Confirmed 99-0,
113,2,Randolph D. Moss,U.S. District Judge for the District of Columbia,PN1552,,,2014-11-13,https://www.senate.gov/legislative/LIS/roll_call_votes/vote1132/vote_113_2_00273.htm,Confirmed 54-45,
113,2,Leslie Joyce Abrams,U.S. District Judge,PN1515,,,2014-11-18,https://www.senate.gov/legislative/LIS/roll_call_votes/vote1132/vote_113_2_00281.htm,Confirmed 100-0,
113,2,Victor Allen Bolden,U.S. District Judge,PN1775,,,2014-11-20,https://www.senate.gov/legislative/LIS/roll_call_votes/vote1132/vote_113_2_00290.htm,Confirmed 49-46,
113,2,Brenda K. Sannes,U.S. District Judge,PN1697,,,2014-11-20,https://www.senate.gov/legislative/LIS/roll_call_votes/vote1132/vote_113_2_00289.htm,Confirmed 96-0,
113,2,Pamela Pepper,U.S. District Judge,PN1613,,,2014-11-20,https://www.senate.gov/legislative/LIS/roll_call_votes/vote1132/vote_113_2_00288.htm,Confirmed 95-0,
113,2,Robert S. Adler,Commissioner of the Consumer Product Safety Commission,PN1705,,,2014-12-02,https://www.senate.gov/legislative/LIS/roll_call_votes/vote1132/vote_113_2_00298.htm,Confirmed 53-44,
113,2,Nani A. Coloretti,Deputy Secretary of Housing and Urban Development,PN1503,,,2014-12-02,https://www.senate.gov/legislative/LIS/roll_call_votes/vote1132/vote_113_2_00297.htm,Confirmed 68-28,
113,2,Colleen Bradley Bell,Ambassador of the USA to Hungary,PN1150,,,2014-12-02,https://www.senate.gov/legislative/LIS/roll_call_votes/vote1132/vote_113_2_00294.htm,Confirmed 52-42,
113,2,Noah Bryson Mamet,Ambassador of the USA to the Argentine Republic,PN1133,,,2014-12-02,https://www.senate.gov/legislative/LIS/roll_call_votes/vote1132/vote_113_2_00293.htm,Confirmed 50-43,
113,2,P. David Lopez,General Counsel of the Equal Employment Opportunity Commission,PN1978,,,2014-12-03,https://www.senate.gov/legislative/LIS/roll_call_votes/vote1132/vote_113_2_00302.htm,Confirmed 53-43,
113,2,Charlotte A. Burrows,Member of the Equal Employment Opportunity Commission,PN2028,,,2014-12-03,https://www.senate.gov/legislative/LIS/roll_call_votes/vote1132/vote_113_2_00301.htm,Confirmed 93-2,
113,2,"Joseph F. Leeson, Jr.",U.S. District Judge for the Eastern District of Pennsylvania,PN1777,,,2014-12-04,https://www.senate.gov/legislative/LIS/roll_call_votes/vote1132/vote_113_2_00312.htm,Confirmed 76-16,
113,2,Joseph S. Hezir,"Chief Financial Officer, Department of Energy",PN1255,,,2014-12-04,https://www.senate.gov/legislative/LIS/roll_call_votes/vote1132/vote_113_2_00308.htm,Confirmed 89-3,
113,2,Lauren McGarity McFerran,Member of the National Labor Relations Board,PN2124,,,2014-12-08,https://www.senate.gov/legislative/LIS/roll_call_votes/vote1132/vote_113_2_00317.htm,Confirmed 54-40,
113,2,Jeffery Martin Baran,Member of the Nuclear Regulatory Commission,PN2135,,,2014-12-08,https://www.senate.gov/legislative/LIS/roll_call_votes/vote1132/vote_113_2_00316.htm,Confirmed 52-40,
113,2,Ronald Walter,Member of the Board of Directors of the Tennessee Valley Authority,PN1988,,,2014-12-09,https://www.senate.gov/legislative/LIS/roll_call_votes/vote1132/vote_113_2_00321.htm,Confirmed 86-12,
113,2,Virginia Tyler Lodge,Member of the Board of Directors of the Tennessee Valley Authority,PN1987,,,2014-12-09,https://www.senate.gov/legislative/LIS/roll_call_votes/vote1132/vote_113_2_00320.htm,Confirmed 86-12,
113,2,David Nathan Saperstein,Ambassador at Large for International Religious Freedom,PN1937,,,2014-12-12,https://www.senate.gov/legislative/LIS/roll_call_votes/vote1132/vote_113_2_00326.htm,Confirmed 62-35,
113,2,Stephen R. Bough,U.S. District Judge for the Western District of Missouri,PN1345,,,2014-12-16,https://www.senate.gov/legislative/LIS/roll_call_votes/vote1132/vote_113_2_00366.htm,Confirmed 51-38,
113,2,Antony Blinken,Deputy Secretary of State,PN2123,,,2014-12-16,https://www.senate.gov/legislative/LIS/roll_call_votes/vote1132/vote_113_2_00362.htm,Confirmed 55-38,
113,2,Sarah R. Saldana,Assistant Secretary of Homeland Security,PN1996,,,2014-12-16,https://www.senate.gov/legislative/LIS/roll_call_votes/vote1132/vote_113_2_00360.htm,Confirmed 55-39,
114,1,Michael P. Botticelli,Director of National Drug Control Policy,PN60,,,2015-02-09,https://www.senate.gov/legislative/LIS/roll_call_votes/vote1141/vote_114_1_00054.htm,Confirmed 92-0,
114,1,Ashton B. Carter,Secretary of Defense,PN1,,,2015-02-12,https://www.senate.gov/legislative/LIS/roll_call_votes/vote1141/vote_114_1_00056.htm,Confirmed 93-5,
114,1,of Daniel Henry Marti,Intellectual Property Enforcement Coordinator,PN62,,,2015-03-09,https://www.senate.gov/legislative/LIS/roll_call_votes/vote1141/vote_114_1_00069.htm,Confirmed 92-0,
114,1,Christopher A. Hart,Chairman of the National Transportation Safety Board,PN173,,,2015-03-12,https://www.senate.gov/legislative/LIS/roll_call_votes/vote1141/vote_114_1_00070.htm,Confirmed 97-0,
114,1,"Carlos A. Monje, Jr.",Assistant Secretary of Transportation,PN68,,,2015-03-16,https://www.senate.gov/legislative/LIS/roll_call_votes/vote1141/vote_114_1_00071.htm,Confirmed 94-0,
114,1,of William P. Doyle,Federal Maritime Commissioner,PN130,,,2015-03-23,https://www.senate.gov/legislative/LIS/roll_call_votes/vote1141/vote_114_1_00077.htm,Confirmed 89-0,
114,1,Alfred H. Bennett,U.S. District Judge for the Southern District of Texas,PN21,,,2015-04-13,https://www.senate.gov/legislative/LIS/roll_call_votes/vote1141/vote_114_1_00136.htm,Confirmed 95-0,
114,1,Russell C. Deyo,"Under Secretary for Management, Department of Homeland Security",PN56,,,2015-04-16,https://www.senate.gov/legislative/LIS/roll_call_votes/vote1141/vote_114_1_00154.htm,Confirmed 95-2,
114,1,"George C. Hanks, Jr.",U.S. District Judge for the Southern District,PN16,,,2015-04-20,https://www.senate.gov/legislative/LIS/roll_call_votes/vote1141/vote_114_1_00155.htm,Confirmed 91-0,
114,1,Loretta E. Lynch,Attorney General,PN4,,,2015-04-23,https://www.senate.gov/legislative/LIS/roll_call_votes/vote1141/vote_114_1_00165.htm,Confirmed 56-43,
114,1,Dava J. Newman,Deputy Administrator of the NASA,PN43,,,2015-04-27,https://www.senate.gov/legislative/LIS/roll_call_votes/vote1141/vote_114_1_00166.htm,Confirmed 87-0,
114,1,Willie E. May,Under Secretary of Commerce for Standards and Technology,PN209,,,2015-05-04,https://www.senate.gov/legislative/LIS/roll_call_votes/vote1141/vote_114_1_00169.htm,Confirmed 93-0,
114,1,Sally Quillian Yates,Deputy Attorney General,PN31,,,2015-05-13,https://www.senate.gov/legislative/LIS/roll_call_votes/vote1141/vote_114_1_00177.htm,Confirmed 84-12,
114,1,"Jose Rolando Olvera, Jr.",U.S. District Judge for the Southern District of Texas,PN19,,,2015-05-21,https://www.senate.gov/legislative/LIS/roll_call_votes/vote1141/vote_114_1_00185.htm,Confirmed 100-0,
114,1,Jill N. Parrish,United States District Judge,PN20,,,2015-05-21,https://www.senate.gov/legislative/LIS/roll_call_votes/vote1141/vote_114_1_00184.htm,Confirmed 100-0,
114,1,Matthew T. McGuire,U.S. Executive Director of the International Bank for Reconstruction and Development,PN88,,,2015-06-15,https://www.senate.gov/legislative/LIS/roll_call_votes/vote1141/vote_114_1_00208.htm,Confirmed 62-24,
114,1,Peter V. Neffenger,Assistant Secretary of Homeland Security,PN414,,,2015-06-22,https://www.senate.gov/legislative/LIS/roll_call_votes/vote1141/vote_114_1_00217.htm,Confirmed 81-1,
114,1,Kara Farnandez Stoll,U.S. Circuit Judge for the Federal Circuit,PN12,,,2015-07-07,https://www.senate.gov/legislative/LIS/roll_call_votes/vote1141/vote_114_1_00221.htm,Confirmed 95-0,
114,1,Roseann A. Ketchmark,U.S. District Judge for the Western District,PN17,,,2015-09-08,https://www.senate.gov/legislative/LIS/roll_call_votes/vote1141/vote_114_1_00263.htm,Confirmed 96-0,
114,1,Dale A. Drozd,U.S. District Judge for the Eastern District,PN14,,,2015-10-05,https://www.senate.gov/legislative/LIS/roll_call_votes/vote1141/vote_114_1_00274.htm,Confirmed 69-21,
114,1,Ann Donnelly,U.S. District Judge for the Eastern District,PN13,,,2015-10-20,https://www.senate.gov/legislative/LIS/roll_call_votes/vote1141/vote_114_1_00279.htm,Confirmed 95-2,
114,1,Lawrence Joseph Vilardo,U.S. District Judge for the Western District,PN154,,,2015-10-26,https://www.senate.gov/legislative/LIS/roll_call_votes/vote1141/vote_114_1_00284.htm,Confirmed 88-0,
114,1,Scott Allen,Director of the European Bank for Reconstruction and Development,PN569,,,2015-11-09,https://www.senate.gov/legislative/LIS/roll_call_votes/vote1141/vote_114_1_00300.htm,Confirmed 83-0,
114,1,Travis Randall McDonough,U.S. District Judge for the Eastern District,PN18,,,2015-12-07,https://www.senate.gov/legislative/LIS/roll_call_votes/vote1141/vote_114_1_00332.htm,Confirmed 89-0,
114,1,Alissa M. Starzak,General Counsel of the Department of the Army,PN64,,,2015-12-14,https://www.senate.gov/legislative/LIS/roll_call_votes/vote1141/vote_114_1_00335.htm,Confirmed 45-34,
114,2,Wilhelmina Marie Wright,U.S. District Judge,PN367,,,2016-01-19,https://www.senate.gov/legislative/LIS/roll_call_votes/vote1142/vote_114_2_00003.htm,Confirmed 58-36,
114,2,John Michael Vazquez,U.S. District Judge for the District of New Jersey,PN326,,,2016-01-27,https://www.senate.gov/legislative/LIS/roll_call_votes/vote1142/vote_114_2_00006.htm,Confirmed 84-2,
114,2,Rebecca Goodgame Ebinger,U.S. District Judge for the Southern District of Iowa,PN831,,,2016-02-08,https://www.senate.gov/legislative/LIS/roll_call_votes/vote1142/vote_114_2_00018.htm,Confirmed 83-0,
114,2,Scot Alan Marciel,Ambassador to the Union of Burma,PN915,,,2016-02-09,https://www.senate.gov/legislative/LIS/roll_call_votes/vote1142/vote_114_2_00019.htm,Confirmed 90-0,
114,2,Leonard Terry Strand,U.S. District Judge for the Northern District of Iowa,PN675,,,2016-02-11,https://www.senate.gov/legislative/LIS/roll_call_votes/vote1142/vote_114_2_00023.htm,Confirmed 93-0,
114,2,Robert McKinnon Califf,Commissioner of Food and Drugs,PN849,,,2016-02-24,https://www.senate.gov/legislative/LIS/roll_call_votes/vote1142/vote_114_2_00025.htm,Confirmed 89-4,
114,2,John B. King,Secretary of Education,PN1152,,,2016-03-14,https://www.senate.gov/legislative/LIS/roll_call_votes/vote1142/vote_114_2_00036.htm,Confirmed 49-40,
114,2,"Waverly D. Crenshaw, Jr.",U.S. District Judge for the Middle District of Tennessee,PN153,,,2016-04-11,https://www.senate.gov/legislative/LIS/roll_call_votes/vote1142/vote_114_2_00044.htm,Confirmed 92-0,
114,2,Paula Xinis,U.S. District Judge,PN327,,,2016-05-16,https://www.senate.gov/legislative/LIS/roll_call_votes/vote1142/vote_114_2_00072.htm,Confirmed 53-34,
114,2,Laura S. H. Holgate,Representative to the International Atomic Energy Agency,PN771,,,2016-05-26,https://www.senate.gov/legislative/LIS/roll_call_votes/vote1142/vote_114_2_00088.htm,Confirmed 67-29,
114,2,"Robert F. Rossiter, Jr.",U.S. District Judge for the District of Nebraska,PN576,,,2016-06-27,https://www.senate.gov/legislative/LIS/roll_call_votes/vote1142/vote_114_2_00111.htm,Confirmed 90-0,
114,2,Brian R. Martinotti,United States District Judge,PN575,,,2016-07-06,https://www.senate.gov/legislative/LIS/roll_call_votes/vote1142/vote_114_2_00118.htm,Confirmed 92-5,
114,2,Carla D. Hayden,Librarian of Congress,PN1180,,,2016-07-13,https://www.senate.gov/legislative/LIS/roll_call_votes/vote1142/vote_114_2_00128.htm,Confirmed 74-18,
114,2,Peter Michael McKinley,Ambassador to the Federative Republic of Brazil,PN1500,,,2016-09-08,https://www.senate.gov/legislative/LIS/roll_call_votes/vote1142/vote_114_2_00137.htm,Confirmed 92-0,
114,2,Susan S. Gibson,Inspector General of the National Reconnaissance Office,PN1375,,,2016-09-15,https://www.senate.gov/legislative/LIS/roll_call_votes/vote1142/vote_114_2_00142.htm,Confirmed 93-0,
115,1,John F. Kelly,Secretary of Homeland Security,PN40,,,2017-01-20,https://www.senate.gov/legislative/LIS/roll_call_votes/vote1151/vote_115_1_00030.htm,Confirmed 88-11,
115,1,James N. Mattis,Secretary of Defense,PN29,,,2017-01-20,https://www.senate.gov/legislative/LIS/roll_call_votes/vote1151/vote_115_1_00029.htm,Confirmed 98-1,
115,1,Mike Pompeo,Director of the Central Intelligence Agency,PN43,,,2017-01-23,https://www.senate.gov/legislative/LIS/roll_call_votes/vote1151/vote_115_1_00032.htm,Confirmed 66-32,
115,1,Nikki R. Haley,"Representative of the United States of America to the United Nations, in the Security Council and to the Sessions of the General Assembly",PN51,,,2017-01-24,https://www.senate.gov/legislative/LIS/roll_call_votes/vote1151/vote_115_1_00033.htm,Confirmed 96-4,
115,1,Elaine L. Chao,Secretary of Transportation,PN35,,,2017-01-31,https://www.senate.gov/legislative/LIS/roll_call_votes/vote1151/vote_115_1_00035.htm,Confirmed 93-6,
115,1,Rex W. Tillerson,Secretary of State,PN25,,,2017-02-01,https://www.senate.gov/legislative/LIS/roll_call_votes/vote1151/vote_115_1_00036.htm,Confirmed 56-43,
115,1,Elisabeth Prince DeVos,Secretary of Education,PN37,,,2017-02-07,https://www.senate.gov/legislative/LIS/roll_call_votes/vote1151/vote_115_1_00054.htm,Confirmed 50-50,
115,1,Jeff Sessions,Attorney General,PN30,,,2017-02-08,https://www.senate.gov/legislative/LIS/roll_call_votes/vote1151/vote_115_1_00059.htm,Confirmed 52-47,
115,1,Thomas Price,Secretary of Health and Human Services,PN33,,,2017-02-10,https://www.senate.gov/legislative/LIS/roll_call_votes/vote1151/vote_115_1_00061.htm,Confirmed 52-47,
115,1,David J. Shulkin,Secretary of Veterans Affairs,PN39,,,2017-02-13,https://www.senate.gov/legislative/LIS/roll_call_votes/vote1151/vote_115_1_00064.htm,Confirmed 100-0,
115,1,Steven T. Mnuchin,Secretary of the Treasury,PN26,,,2017-02-13,https://www.senate.gov/legislative/LIS/roll_call_votes/vote1151/vote_115_1_00063.htm,Confirmed 53-47,
115,1,Linda E. McMahon,Administrator of the Small Business Administration,PN48,,,2017-02-14,https://www.senate.gov/legislative/LIS/roll_call_votes/vote1151/vote_115_1_00065.htm,Confirmed 81-19,
115,1,Mick Mulvaney,Director of the Office of Management and Budget,PN54,,,2017-02-16,https://www.senate.gov/legislative/LIS/roll_call_votes/vote1151/vote_115_1_00068.htm,Confirmed 51-49,
115,1,Scott Pruitt,Administrator of the Environmental Protection Agency,PN44,,,2017-02-17,https://www.senate.gov/legislative/LIS/roll_call_votes/vote1151/vote_115_1_00071.htm,Confirmed 52-46,
115,1,"Wilbur L. Ross, Jr.",Secretary of Commerce,PN32,,,2017-02-27,https://www.senate.gov/legislative/LIS/roll_call_votes/vote1151/vote_115_1_00073.htm,Confirmed 72-27,
115,1,Ryan Zinke,Secretary of the Interior,PN31,,,2017-03-01,https://www.senate.gov/legislative/LIS/roll_call_votes/vote1151/vote_115_1_00075.htm,Confirmed 68-31,
115,1,James Richard Perry,Secretary of Energy,PN36,,,2017-03-02,https://www.senate.gov/legislative/LIS/roll_call_votes/vote1151/vote_115_1_00079.htm,Confirmed 62-37,
115,1,"Benjamin S. Carson, Sr.",Secretary of Housing and Urban Development,PN34,,,2017-03-02,https://www.senate.gov/legislative/LIS/roll_call_votes/vote1151/vote_115_1_00077.htm,Confirmed 58-41,
115,1,Seema Verma,Administrator of the Centers for Medicare and Medicaid Services,PN49,,,2017-03-13,https://www.senate.gov/legislative/LIS/roll_call_votes/vote1151/vote_115_1_00086.htm,Confirmed 55-43,
115,1,Daniel Coats,Director of National Intelligence,PN41,,,2017-03-15,https://www.senate.gov/legislative/LIS/roll_call_votes/vote1151/vote_115_1_00089.htm,Confirmed 85-12,
115,1,David Friedman,Ambassador Extraordinary and Plenipotentiary of the United States of America to Israel,PN53,,,2017-03-23,https://www.senate.gov/legislative/LIS/roll_call_votes/vote1151/vote_115_1_00096.htm,Confirmed 52-46,
115,1,Elaine C. Duke,Deputy Secretary of Homeland Security,PN59,,,2017-04-04,https://www.senate.gov/legislative/LIS/roll_call_votes/vote1151/vote_115_1_00103.htm,Confirmed 85-14,
115,1,Neil M. Gorsuch,Associate Justice of the Supreme Court of the United States,PN55,,,2017-04-07,https://www.senate.gov/legislative/LIS/roll_call_votes/vote1151/vote_115_1_00111.htm,Confirmed 54-45,
115,1,Sonny Perdue,Secretary of Agriculture,PN90,,,2017-04-24,https://www.senate.gov/legislative/LIS/roll_call_votes/vote1151/vote_115_1_00112.htm,Confirmed 87-11,
115,1,Rod J. Rosenstein,Deputy Attorney General,PN56,,,2017-04-25,https://www.senate.gov/legislative/LIS/roll_call_votes/vote1151/vote_115_1_00114.htm,Confirmed 94-6,
115,1,R. Alexander Acosta,Secretary of Labor,PN88,,,2017-04-27,https://www.senate.gov/legislative/LIS/roll_call_votes/vote1151/vote_115_1_00116.htm,Confirmed 60-38,
115,1,Jay Clayton,Member of the Securities and Exchange Commission,PN47,,,2017-05-02,https://www.senate.gov/legislative/LIS/roll_call_votes/vote1151/vote_115_1_00118.htm,Confirmed 61-37,
115,1,Heather Wilson,Secretary of the Air Force,PN101,,,2017-05-08,https://www.senate.gov/legislative/LIS/roll_call_votes/vote1151/vote_115_1_00122.htm,Confirmed 76-22,
115,1,Scott Gottlieb,"Commissioner of Food and Drugs, Department of Health and Human Services",PN118,,,2017-05-09,https://www.senate.gov/legislative/LIS/roll_call_votes/vote1151/vote_115_1_00124.htm,Confirmed 57-42,
115,1,Robert Lighthizer,United States Trade Representative,PN42,,,2017-05-11,https://www.senate.gov/legislative/LIS/roll_call_votes/vote1151/vote_115_1_00127.htm,Confirmed 82-14,
115,1,Jeffrey A. Rosen,Deputy Secretary of Transportation,PN102,,,2017-05-16,https://www.senate.gov/legislative/LIS/roll_call_votes/vote1151/vote_115_1_00129.htm,Confirmed 56-42,
115,1,Rachel L. Brand,Associate Attorney General,PN57,,,2017-05-18,https://www.senate.gov/legislative/LIS/roll_call_votes/vote1151/vote_115_1_00131.htm,Confirmed 52-46,
115,1,Terry Branstad,Ambassador to the People's Republic of China,PN52,,,2017-05-22,https://www.senate.gov/legislative/LIS/roll_call_votes/vote1151/vote_115_1_00133.htm,Confirmed 82-13,
115,1,John J. Sullivan,Deputy Seretary of State,PN350,,,2017-05-24,https://www.senate.gov/legislative/LIS/roll_call_votes/vote1151/vote_115_1_00135.htm,Confirmed 94-6,
115,1,Amul R. Thapar,United States Circuit Judge,PN105,,,2017-05-25,https://www.senate.gov/legislative/LIS/roll_call_votes/vote1151/vote_115_1_00137.htm,Confirmed 52-44,
115,1,Scott P. Brown,Ambassador to New Zealand and Ambassador to the Independent State of Samoa,PN349,,,2017-06-08,https://www.senate.gov/legislative/LIS/roll_call_votes/vote1151/vote_115_1_00141.htm,Confirmed 94-4,
115,1,Kenneth P. Rapuano,Assistant Secretary of Defense,PN348,,,2017-06-12,https://www.senate.gov/legislative/LIS/roll_call_votes/vote1151/vote_115_1_00142.htm,Confirmed 95-1,
115,1,Brock Long,Administrator of the Federal Emergency Management Agency,PN455,,,2017-06-20,https://www.senate.gov/legislative/LIS/roll_call_votes/vote1151/vote_115_1_00148.htm,Confirmed 95-4,
115,1,Sigal Mandelker,Under Secretary for Terrorism and Financial Crimes,PN172,,,2017-06-21,https://www.senate.gov/legislative/LIS/roll_call_votes/vote1151/vote_115_1_00150.htm,Confirmed 96-4,
115,1,Marshall Billingslea,Assistant Secretary for Terrorist Financing,PN366,,,2017-06-22,https://www.senate.gov/legislative/LIS/roll_call_votes/vote1151/vote_115_1_00152.htm,Confirmed 65-35,
115,1,Kristine L. Svinicki,Member of the Nuclear Regulatory Commission,PN561,,,2017-06-26,https://www.senate.gov/legislative/LIS/roll_call_votes/vote1151/vote_115_1_00154.htm,Confirmed 88-9,
115,1,Neomi Rao,Administrator of the Office of Information and Regulatory Affairs,PN478,,,2017-07-10,https://www.senate.gov/legislative/LIS/roll_call_votes/vote1151/vote_115_1_00156.htm,Confirmed 54-41,
115,1,David C. Nye,U.S. District Judge,PN373,,,2017-07-12,https://www.senate.gov/legislative/LIS/roll_call_votes/vote1151/vote_115_1_00158.htm,Confirmed 100-0,
115,1,William Francis Hagerty IV,Ambassador of the United States to Japan,PN117,,,2017-07-13,https://www.senate.gov/legislative/LIS/roll_call_votes/vote1151/vote_115_1_00160.htm,Confirmed 86-12,
115,1,Patrick M. Shanahan,Deputy Secretary of Defense,PN583,,,2017-07-18,https://www.senate.gov/legislative/LIS/roll_call_votes/vote1151/vote_115_1_00162.htm,Confirmed 92-7,
115,1,John Kenneth Bush,U.S. Circuit Judge for the Sixth Circuit,PN370,,,2017-07-20,https://www.senate.gov/legislative/LIS/roll_call_votes/vote1151/vote_115_1_00164.htm,Confirmed 51-47,
115,1,David Bernhardt,Deputy Secretary of the Interior,PN365,,,2017-07-24,https://www.senate.gov/legislative/LIS/roll_call_votes/vote1151/vote_115_1_00166.htm,Confirmed 53-43,
115,1,Kevin Christopher Newsom,U.S. Circuit Judge for the Eleventh Circuit,PN372,,,2017-08-01,https://www.senate.gov/legislative/LIS/roll_call_votes/vote1151/vote_115_1_00182.htm,Confirmed 66-31,
115,1,Christopher A. Wray,Director of the Federal Bureau of Investigation,PN696,,,2017-08-01,https://www.senate.gov/legislative/LIS/roll_call_votes/vote1151/vote_115_1_00181.htm,Confirmed 92-5,
115,1,Marvin Kaplan,Member of the National Labor Relations Board,PN681,,,2017-08-02,https://www.senate.gov/legislative/LIS/roll_call_votes/vote1151/vote_115_1_00184.htm,Confirmed 50-48,
115,1,Dan Brouillette,Deputy Secretary of Energy,PN459,,,2017-08-03,https://www.senate.gov/legislative/LIS/roll_call_votes/vote1151/vote_115_1_00186.htm,Confirmed 79-17,
115,1,Timothy J. Kelly,U.S. District Judge for the District of Columbia,PN588,,,2017-09-05,https://www.senate.gov/legislative/LIS/roll_call_votes/vote1151/vote_115_1_00188.htm,Confirmed 94-2,
115,1,Kevin Allen Hassett,Chairman of the Council of Economic Advisers,PN457,,,2017-09-12,https://www.senate.gov/legislative/LIS/roll_call_votes/vote1151/vote_115_1_00194.htm,Confirmed 81-16,
115,1,Pamela Hughes Patenaude,Deputy Secretary of Housing and Urban Development,PN363,,,2017-09-14,https://www.senate.gov/legislative/LIS/roll_call_votes/vote1151/vote_115_1_00196.htm,Confirmed 80-17,
115,1,Noel J. Francisco,Solicitor General of the United States,PN299,,,2017-09-19,https://www.senate.gov/legislative/LIS/roll_call_votes/vote1151/vote_115_1_00201.htm,Confirmed 50-47,
115,1,William J. Emanuel,Member of the National Labor Relations Board,PN725,,,2017-09-25,https://www.senate.gov/legislative/LIS/roll_call_votes/vote1151/vote_115_1_00203.htm,Confirmed 49-47,
115,1,Makan Delrahim,Assistant Attorney General,PN249,,,2017-09-27,https://www.senate.gov/legislative/LIS/roll_call_votes/vote1151/vote_115_1_00205.htm,Confirmed 73-21,
115,1,Heath P. Tarbert,Assistant Secretary of the Treasury,PN173,,,2017-09-27,https://www.senate.gov/legislative/LIS/roll_call_votes/vote1151/vote_115_1_00204.htm,Confirmed 87-8,
115,1,Ralph R. Erickson,United States Circuit Judge for the Eighth Circuit,PN586,,,2017-09-28,https://www.senate.gov/legislative/LIS/roll_call_votes/vote1151/vote_115_1_00207.htm,Confirmed 95-1,
115,1,Ajit Varadaraj Pai,Member of the F.C.C.,PN89,,,2017-10-02,https://www.senate.gov/legislative/LIS/roll_call_votes/vote1151/vote_115_1_00209.htm,Confirmed 52-41,
115,1,Eric D. Hargan,Deputy Secretary of Health and Human Services,PN248,,,2017-10-04,https://www.senate.gov/legislative/LIS/roll_call_votes/vote1151/vote_115_1_00211.htm,Confirmed 57-38,
115,1,Lee Francis Cissna,"Director of U.S. Citizenship and Immigration Services, DHS",PN352,,,2017-10-05,https://www.senate.gov/legislative/LIS/roll_call_votes/vote1151/vote_115_1_00215.htm,Confirmed 54-43,
115,1,Randal Quarles,Member of the Board of Governors of the Federal Reserve System,PN734,,,2017-10-05,https://www.senate.gov/legislative/LIS/roll_call_votes/vote1151/vote_115_1_00213.htm,Confirmed 65-32,
115,1,Callista L. Gingrich,Ambassador of the U.S. to the Holy See,PN523,,,2017-10-16,https://www.senate.gov/legislative/LIS/roll_call_votes/vote1151/vote_115_1_00217.htm,Confirmed 70-23,
115,1,David Joel Trachtenberg,Principal Deputy Under Secretary of Defense,PN362,,,2017-10-17,https://www.senate.gov/legislative/LIS/roll_call_votes/vote1151/vote_115_1_00218.htm,Confirmed 79-17,
115,1,Scott L. Palk,United States District Judge for the Western District of Oklahoma,PN374,,,2017-10-26,https://www.senate.gov/legislative/LIS/roll_call_votes/vote1151/vote_115_1_00251.htm,Confirmed 79-16,
115,1,Amy Coney Barrett,U.S. Circuit Judge for the Seventh Circuit,PN369,,,2017-10-31,https://www.senate.gov/legislative/LIS/roll_call_votes/vote1151/vote_115_1_00255.htm,Confirmed 55-43,
115,1,Joan Louise Larsen,U.S. Circuit Judge for the Sixth Circuit,PN371,,,2017-11-01,https://www.senate.gov/legislative/LIS/roll_call_votes/vote1151/vote_115_1_00257.htm,Confirmed 60-38,
115,1,Stephanos Bibas,U.S. Circuit Judge for the Third Circuit,PN679,,,2017-11-02,https://www.senate.gov/legislative/LIS/roll_call_votes/vote1151/vote_115_1_00261.htm,Confirmed 53-43,
115,1,Allison H. Eid,United States Circuit Judge for the Tenth Circuit,PN585,,,2017-11-02,https://www.senate.gov/legislative/LIS/roll_call_votes/vote1151/vote_115_1_00259.htm,Confirmed 56-41,
115,1,Steven Andrew Engel,Assistant Attorney General,PN58,,,2017-11-07,https://www.senate.gov/legislative/LIS/roll_call_votes/vote1151/vote_115_1_00264.htm,Confirmed 51-47,
115,1,John H. Gibson II,Deputy Chief Management Officer of the Department of Defense,PN669,,,2017-11-07,https://www.senate.gov/legislative/LIS/roll_call_votes/vote1151/vote_115_1_00262.htm,Confirmed 91-7,
115,1,Peter B. Robb,General Counsel of the National Labor Relations Board,PN1025,,,2017-11-08,https://www.senate.gov/legislative/LIS/roll_call_votes/vote1151/vote_115_1_00266.htm,Confirmed 49-46,
115,1,William L. Wehrum,Assistant Administrator of the Environmental Protection Agency,PN994,,,2017-11-09,https://www.senate.gov/legislative/LIS/roll_call_votes/vote1151/vote_115_1_00268.htm,Confirmed 49-47,
115,1,Derek Kan,Under Secretary of Transportation,PN458,,,2017-11-13,https://www.senate.gov/legislative/LIS/roll_call_votes/vote1151/vote_115_1_00270.htm,Confirmed 90-7,
115,1,Steven Gill Bradbury,General Counsel of the Department of Transportation,PN558,,,2017-11-14,https://www.senate.gov/legislative/LIS/roll_call_votes/vote1151/vote_115_1_00272.htm,Confirmed 50-47,
115,1,David G. Zatezalo,Assistant Secretary of Labor for Mine Safety and Health,PN919,,,2017-11-15,https://www.senate.gov/legislative/LIS/roll_call_votes/vote1151/vote_115_1_00275.htm,Confirmed 52-46,
115,1,Mark T. Esper,Secretary of the Army,PN811,,,2017-11-15,https://www.senate.gov/legislative/LIS/roll_call_votes/vote1151/vote_115_1_00274.htm,Confirmed 89-6,
115,1,"Donald C. Coggins, Jr.",United States District Judge for the District of South Carolina,PN875,,,2017-11-16,https://www.senate.gov/legislative/LIS/roll_call_votes/vote1151/vote_115_1_00280.htm,Confirmed 96-0,
115,1,Joseph Otting,Comptroller of the Currency,PN556,,,2017-11-16,https://www.senate.gov/legislative/LIS/roll_call_votes/vote1151/vote_115_1_00277.htm,Confirmed 54-43,
115,1,Dabney Langhorne Friedrich,United States District Judge for the District of Columbia,PN587,,,2017-11-27,https://www.senate.gov/legislative/LIS/roll_call_votes/vote1151/vote_115_1_00281.htm,Confirmed 97-3,
115,1,Gregory G. Katsas,U.S. Circuit Judge for the District of Columbia Circuit,PN999,,,2017-11-28,https://www.senate.gov/legislative/LIS/roll_call_votes/vote1151/vote_115_1_00283.htm,Confirmed 50-48,
115,1,Kirstjen Nielsen,Secretary of Homeland Security,PN1095,,,2017-12-05,https://www.senate.gov/legislative/LIS/roll_call_votes/vote1151/vote_115_1_00305.htm,Confirmed 62-37,
115,1,Joseph Balash,Assistant Secretary of the Interior,PN814,,,2017-12-07,https://www.senate.gov/legislative/LIS/roll_call_votes/vote1151/vote_115_1_00310.htm,Confirmed 61-38,
115,1,Leonard Steven Grasz,U.S. Circuit Judge for the Eighth Circuit,PN878,,,2017-12-12,https://www.senate.gov/legislative/LIS/roll_call_votes/vote1151/vote_115_1_00313.htm,Confirmed 50-48,
115,1,Don R. Willett,"Circuit Judge, U.S. Court of Appeals for the Fifth Circuit",PN1077,,,2017-12-13,https://www.senate.gov/legislative/LIS/roll_call_votes/vote1151/vote_115_1_00315.htm,Confirmed 50-47,
115,1,James C. Ho,U.S. Circuit Judge for the Fifth Circuit,PN1108,,,2017-12-14,https://www.senate.gov/legislative/LIS/roll_call_votes/vote1151/vote_115_1_00317.htm,Confirmed 53-43,
115,1,Owen West,Assistant Secretary of Defense,PN555,,,2017-12-18,https://www.senate.gov/legislative/LIS/roll_call_votes/vote1151/vote_115_1_00319.htm,Confirmed 74-23,
115,1,"J. Paul Compton, Jr.",General Counsel of the Department of Housing and Urban Development,PN514,,,2017-12-18,https://www.senate.gov/legislative/LIS/roll_call_votes/vote1151/vote_115_1_00318.htm,Confirmed 62-34,
115,1,Jennifer Gillian Newstead,Legal Adviser of the Department of State,PN914,,,2017-12-19,https://www.senate.gov/legislative/LIS/roll_call_votes/vote1151/vote_115_1_00320.htm,Confirmed 88-11,
115,2,John C. Rood,Under Secretary of Defense for Policy,PN1098,,,2018-01-03,https://www.senate.gov/legislative/LIS/roll_call_votes/vote1152/vote_115_2_00001.htm,Confirmed 81-7,
115,2,"William L. Campbell, Jr.",U.S. District Judge for the Middle District of Tennessee,PN748,,,2018-01-09,https://www.senate.gov/legislative/LIS/roll_call_votes/vote1152/vote_115_2_00003.htm,Confirmed 97-0,
115,2,Thomas Lee Robinson Parker,U.S. District Judge for the Western District of Tennessee,PN752,,,2018-01-10,https://www.senate.gov/legislative/LIS/roll_call_votes/vote1152/vote_115_2_00005.htm,Confirmed 98-0,
115,2,"Walter David Counts, III",United States District Judge for the Western District of Texas,PN1015,,,2018-01-11,https://www.senate.gov/legislative/LIS/roll_call_votes/vote1152/vote_115_2_00009.htm,Confirmed 96-0,
115,2,Michael Lawrence Brown,United States District Judge for the Northern District of Georgia,PN747,,,2018-01-11,https://www.senate.gov/legislative/LIS/roll_call_votes/vote1152/vote_115_2_00007.htm,Confirmed 92-0,
115,2,Jerome H. Powell,Chairman of the Board of Governors of the Federal Reserve System,PN1353,,,2018-01-23,https://www.senate.gov/legislative/LIS/roll_call_votes/vote1152/vote_115_2_00019.htm,Confirmed 84-13,
115,2,Samuel Dale Brownback,Ambassador at Large for International Religious Freedom,PN1341,,,2018-01-24,https://www.senate.gov/legislative/LIS/roll_call_votes/vote1152/vote_115_2_00023.htm,Confirmed 49-49,
115,2,Alex Michael Azar II,Secretary of Health and Human Services,PN1371,,,2018-01-24,https://www.senate.gov/legislative/LIS/roll_call_votes/vote1152/vote_115_2_00021.htm,Confirmed 55-43,
115,2,R. D. James,Assistant Secretary of the Army,PN1079,,,2018-01-25,https://www.senate.gov/legislative/LIS/roll_call_votes/vote1152/vote_115_2_00024.htm,Confirmed 89-1,
115,2,David Ryan Stras,U.S. Circuit Judge for the Eighth Circuit,PN1423,,,2018-01-30,https://www.senate.gov/legislative/LIS/roll_call_votes/vote1152/vote_115_2_00027.htm,Confirmed 56-42,
115,2,Andrei Iancu,Under Secretary of Commerce for Intellectual Property and Director of the U.S. Patent and Trademark Office,PN927,,,2018-02-05,https://www.senate.gov/legislative/LIS/roll_call_votes/vote1152/vote_115_2_00028.htm,Confirmed 94-0,
115,2,Elizabeth L. Branch,U.S. Circuit Judge for the Eleventh Circuit,PN1404,,,2018-02-27,https://www.senate.gov/legislative/LIS/roll_call_votes/vote1152/vote_115_2_00038.htm,Confirmed 73-23,
115,2,Russell Vought,Deputy Director of the Office of Management and Budget,PN367,,,2018-02-28,https://www.senate.gov/legislative/LIS/roll_call_votes/vote1152/vote_115_2_00040.htm,Confirmed 49-49,
115,2,Tilman Eugene Self III,U.S. District Judge for the Middle District of Georgia,PN755,,,2018-03-05,https://www.senate.gov/legislative/LIS/roll_call_votes/vote1152/vote_115_2_00047.htm,Confirmed 85-11,
115,2,Karen Gren Scholer,U.S. District Judge for the Northern District of Texas,PN992,,,2018-03-05,https://www.senate.gov/legislative/LIS/roll_call_votes/vote1152/vote_115_2_00046.htm,Confirmed 95-0,
115,2,Terry A. Doughty,U.S. District Judge for the Western District of Louisiana,PN876,,,2018-03-06,https://www.senate.gov/legislative/LIS/roll_call_votes/vote1152/vote_115_2_00049.htm,Confirmed 98-0,
115,2,Kevin K. McAleenan,Commissioner of U.S. Customs and Border Protection,PN1373,,,2018-03-19,https://www.senate.gov/legislative/LIS/roll_call_votes/vote1152/vote_115_2_00056.htm,Confirmed 77-19,
115,2,Claria Horn Boom,U.S. District Judge for the Eastern and Western Districts of Kentucky,PN596,,,2018-04-10,https://www.senate.gov/legislative/LIS/roll_call_votes/vote1152/vote_115_2_00065.htm,Confirmed 96-1,
115,2,John F. Ring,Member of the National Labor Relations Board,PN1443,,,2018-04-11,https://www.senate.gov/legislative/LIS/roll_call_votes/vote1152/vote_115_2_00067.htm,Confirmed 50-48,
115,2,Andrew Wheeler,Deputy Administrator of the Environmental Protection Agency,PN1426,,,2018-04-12,https://www.senate.gov/legislative/LIS/roll_call_votes/vote1152/vote_115_2_00071.htm,Confirmed 53-45,
115,2,Patrick Pizzella,Deputy Secretary of Labor,PN1395,,,2018-04-12,https://www.senate.gov/legislative/LIS/roll_call_votes/vote1152/vote_115_2_00069.htm,Confirmed 50-48,
115,2,Carlos G. Muniz,"General Counsel, Department of Education",PN568,,,2018-04-18,https://www.senate.gov/legislative/LIS/roll_call_votes/vote1152/vote_115_2_00079.htm,Confirmed 55-43,
115,2,James Bridenstine,Administrator of the National Aeronautics and Space Administration,PN1359,,,2018-04-19,https://www.senate.gov/legislative/LIS/roll_call_votes/vote1152/vote_115_2_00080.htm,Confirmed 50-49,
115,2,Stuart Kyle Duncan,United States Circuit Judge for the Fifth Circuit,PN1410,,,2018-04-24,https://www.senate.gov/legislative/LIS/roll_call_votes/vote1152/vote_115_2_00082.htm,Confirmed 50-47,
115,2,Richard Grenell,Ambassador to the Federal Republic of Germany,PN1383,,,2018-04-26,https://www.senate.gov/legislative/LIS/roll_call_votes/vote1152/vote_115_2_00085.htm,Confirmed 56-42,
115,2,Mike Pompeo,Secretary of State,PN1761,,,2018-04-26,https://www.senate.gov/legislative/LIS/roll_call_votes/vote1152/vote_115_2_00084.htm,Confirmed 57-42,
115,2,Kurt D. Engelhardt,U.S. Circuit Judge for the Fifth Circuit,PN1411,,,2018-05-09,https://www.senate.gov/legislative/LIS/roll_call_votes/vote1152/vote_115_2_00087.htm,Confirmed 62-34,
115,2,Michael B. Brennan,U.S. Circuit Judge for the Seventh Circuit,PN1405,,,2018-05-10,https://www.senate.gov/legislative/LIS/roll_call_votes/vote1152/vote_115_2_00089.htm,Confirmed 49-46,
115,2,Amy J. St. Eve,U.S. Circuit Judge for the Seventh Circuit,PN1648,,,2018-05-14,https://www.senate.gov/legislative/LIS/roll_call_votes/vote1152/vote_115_2_00093.htm,Confirmed 91-0,
115,2,Michael Y. Scudder,U.S. Circuit Judge for the Seventh Circuit,PN1647,,,2018-05-14,https://www.senate.gov/legislative/LIS/roll_call_votes/vote1152/vote_115_2_00092.htm,Confirmed 90-0,
115,2,John B. Nalbandian,U.S. Circuit Judge for the Sixth Circuit,PN1526,,,2018-05-15,https://www.senate.gov/legislative/LIS/roll_call_votes/vote1152/vote_115_2_00095.htm,Confirmed 53-45,
115,2,Joel M. Carson III,U.S. Circuit Judge for the Tenth Circuit,PN1330,,,2018-05-15,https://www.senate.gov/legislative/LIS/roll_call_votes/vote1152/vote_115_2_00094.htm,Confirmed 77-21,
115,2,Mitchell Zais,Deputy Secretary of Education,PN1397,,,2018-05-16,https://www.senate.gov/legislative/LIS/roll_call_votes/vote1152/vote_115_2_00098.htm,Confirmed 50-48,
115,2,Gina Haspel,Director of the Central Intelligence Agency,PN1857,,,2018-05-17,https://www.senate.gov/legislative/LIS/roll_call_votes/vote1152/vote_115_2_00101.htm,Confirmed 54-45,
115,2,Dana Baiocco,Commissioner of the Consumer Product Safety Commission,PN1358,,,2018-05-22,https://www.senate.gov/legislative/LIS/roll_call_votes/vote1152/vote_115_2_00103.htm,Confirmed 50-45,
115,2,Brian D. Montgomery,Assistant Secretary of Housing and Urban Development,PN1352,,,2018-05-23,https://www.senate.gov/legislative/LIS/roll_call_votes/vote1152/vote_115_2_00105.htm,Confirmed 74-23,
115,2,James Randolph Evans,Ambassador of the United States of America to Luxembourg,PN1382,,,2018-05-24,https://www.senate.gov/legislative/LIS/roll_call_votes/vote1152/vote_115_2_00111.htm,Confirmed 48-43,
115,2,Jelena McWilliams,Chairperson of the Board of Directors of the Federal Deposit Insurance Corporation,PN1351,,,2018-05-24,https://www.senate.gov/legislative/LIS/roll_call_votes/vote1152/vote_115_2_00109.htm,Confirmed 69-24,
115,2,"Fernando Rodriguez, Jr.",United States District Judge for the Southern District of Texas,PN991,,,2018-06-05,https://www.senate.gov/legislative/LIS/roll_call_votes/vote1152/vote_115_2_00115.htm,Confirmed 96-0,
115,2,Robert Earl Wier,U.S. District Judge for the Eastern District of Kentucky,PN886,,,2018-06-05,https://www.senate.gov/legislative/LIS/roll_call_votes/vote1152/vote_115_2_00113.htm,Confirmed 95-0,
115,2,Annemarie Carney Axon,U.S. District Judge for the Northern District of Alabama,PN1400,,,2018-06-06,https://www.senate.gov/legislative/LIS/roll_call_votes/vote1152/vote_115_2_00117.htm,Confirmed 83-11,
115,2,Kenneth L. Marcus,"Assistant Secretary for Civil Rights, Department of Education",PN1393,,,2018-06-07,https://www.senate.gov/legislative/LIS/roll_call_votes/vote1152/vote_115_2_00118.htm,Confirmed 50-46,
115,2,Mark Jeremy Bennett,United States Circuit Judge for the Ninth Circuit,PN1642,,,2018-07-10,https://www.senate.gov/legislative/LIS/roll_call_votes/vote1152/vote_115_2_00145.htm,Confirmed 72-27,
115,2,Brian Allen Benczkowski,Assistant Attorney General,PN1402,,,2018-07-11,https://www.senate.gov/legislative/LIS/roll_call_votes/vote1152/vote_115_2_00152.htm,Confirmed 51-48,
115,2,Paul C. Ney,General Counsel of the Department of Defense,PN1438,,,2018-07-12,https://www.senate.gov/legislative/LIS/roll_call_votes/vote1152/vote_115_2_00154.htm,Confirmed 70-23,
115,2,Scott Stump,"Assistant Secretary for Career, Technical, and Adult Education, Department of Education",PN1955,,,2018-07-16,https://www.senate.gov/legislative/LIS/roll_call_votes/vote1152/vote_115_2_00155.htm,Confirmed 85-0,
115,2,Randal Quarles,"Member of the Board of Governors, Federal Reserve System",PN1354,,,2018-07-17,https://www.senate.gov/legislative/LIS/roll_call_votes/vote1152/vote_115_2_00158.htm,Confirmed 66-33,
115,2,James Blew,"Assistant Secretary for Planning, Evaluation, and Policy Development, Department of Education",PN1391,,,2018-07-17,https://www.senate.gov/legislative/LIS/roll_call_votes/vote1152/vote_115_2_00156.htm,Confirmed 50-49,
115,2,Andrew S. Oldham,U.S. Circuit Judge for the Fifth Circuit,PN1645,,,2018-07-18,https://www.senate.gov/legislative/LIS/roll_call_votes/vote1152/vote_115_2_00160.htm,Confirmed 50-49,
115,2,Robert L. Wilkie,Secretary of Veterans Affairs,PN2179,,,2018-07-23,https://www.senate.gov/legislative/LIS/roll_call_votes/vote1152/vote_115_2_00163.htm,Confirmed 86-9,
115,2,Britt Cagle Grant,U.S. Circuit Judge for the Eleventh Circuit,PN1808,,,2018-07-31,https://www.senate.gov/legislative/LIS/roll_call_votes/vote1152/vote_115_2_00174.htm,Confirmed 52-46,
115,2,Julius Ness Richardson,U.S. Circuit Judge for the Fourth Circuit,PN1897,,,2018-08-16,https://www.senate.gov/legislative/LIS/roll_call_votes/vote1152/vote_115_2_00185.htm,Confirmed 81-8,
115,2,"A. Marvin Quattlebaum, Jr.",U.S. Circuit Judge for the Fourth Circuit,PN1895,,,2018-08-16,https://www.senate.gov/legislative/LIS/roll_call_votes/vote1152/vote_115_2_00183.htm,Confirmed 62-28,
115,2,Charles Barnes Goodwin,U.S. District Judge for the Western District of Oklahoma,PN1413,,,2018-08-28,https://www.senate.gov/legislative/LIS/roll_call_votes/vote1152/vote_115_2_00200.htm,Confirmed 52-42,
115,2,Isabel Marie Keenan Patelunas,Assistant Secretary for Intelligence and Analysis,PN1398,,,2018-08-28,https://www.senate.gov/legislative/LIS/roll_call_votes/vote1152/vote_115_2_00199.htm,Confirmed 75-20,
115,2,Joseph H. Hunt,Assistant Attorney General,PN1414,,,2018-08-28,https://www.senate.gov/legislative/LIS/roll_call_votes/vote1152/vote_115_2_00198.htm,Confirmed 72-23,
115,2,Richard Clarida,"Vice Chairman of the Board of Governors, Federal Reserve System",PN1861,,,2018-08-28,https://www.senate.gov/legislative/LIS/roll_call_votes/vote1152/vote_115_2_00197.htm,Confirmed 69-26,
115,2,Lynn A. Johnson,Assistant Secretary for Family Support,PN602,,,2018-08-28,https://www.senate.gov/legislative/LIS/roll_call_votes/vote1152/vote_115_2_00195.htm,Confirmed 67-28,
115,2,Elad L. Roisman,Member of the Securities and Exchange Commission,PN2047,,,2018-09-05,https://www.senate.gov/legislative/LIS/roll_call_votes/vote1152/vote_115_2_00202.htm,Confirmed 85-14,
115,2,Charles J. Williams,U.S. District Judge for the Northern District of Iowa,PN1650,,,2018-09-06,https://www.senate.gov/legislative/LIS/roll_call_votes/vote1152/vote_115_2_00204.htm,Confirmed 79-12,
115,2,Dominic W. Lanza,U.S. District Judge for the District of Arizona,PN1525,,,2018-09-06,https://www.senate.gov/legislative/LIS/roll_call_votes/vote1152/vote_115_2_00203.htm,Confirmed 60-35,
115,2,Charles P. Rettig,"Commissioner of Internal Revenue, Department of the Treasury",PN1620,,,2018-09-12,https://www.senate.gov/legislative/LIS/roll_call_votes/vote1152/vote_115_2_00206.htm,Confirmed 64-33,
115,2,Peter A. Feldman,"Commissioner, Consumer Product Safety Commission",PN2048,,,2018-09-25,https://www.senate.gov/legislative/LIS/roll_call_votes/vote1152/vote_115_2_00215.htm,Confirmed 80-19,
115,2,Peter A. Feldman,"Commissioner, Consumer Product Safety Commission",PN2073,,,2018-09-26,https://www.senate.gov/legislative/LIS/roll_call_votes/vote1152/vote_115_2_00217.htm,Confirmed 51-49,
115,2,Lisa Porter,Deputy Under Secretary of Defense,PN1677,,,2018-09-27,https://www.senate.gov/legislative/LIS/roll_call_votes/vote1152/vote_115_2_00218.htm,Confirmed 98-1,
115,2,Brett M. Kavanaugh,Associate Justice of the Supreme Court of the United States,PN2259,,,2018-10-06,https://www.senate.gov/legislative/LIS/roll_call_votes/vote1152/vote_115_2_00223.htm,Confirmed 50-48,
115,2,Thomas S. Kleeh,U.S. District Judge for the Northern District of West Virginia,PN1644,,,2018-10-11,https://www.senate.gov/legislative/LIS/roll_call_votes/vote1152/vote_115_2_00239.htm,Confirmed 65-30,
115,2,Eli Jeremy Richardson,U.S. District Judge for the Middle District of Tennessee,PN1421,,,2018-10-11,https://www.senate.gov/legislative/LIS/roll_call_votes/vote1152/vote_115_2_00238.htm,Confirmed 52-43,
115,2,"Mark Saalfield Norris, Sr.",U.S. District Judge for the Western District of Tennessee,PN1419,,,2018-10-11,https://www.senate.gov/legislative/LIS/roll_call_votes/vote1152/vote_115_2_00237.htm,Confirmed 51-44,
115,2,Michael Joseph Juneau,U.S. District Judge for the Western District of Louisiana,PN1415,,,2018-10-11,https://www.senate.gov/legislative/LIS/roll_call_votes/vote1152/vote_115_2_00236.htm,Confirmed 54-41,
115,2,Liles Clifton Burke,U.S. District Judge for the Northern District of Alabama,PN1406,,,2018-10-11,https://www.senate.gov/legislative/LIS/roll_call_votes/vote1152/vote_115_2_00235.htm,Confirmed 55-40,
115,2,William M. Ray II,U.S. District Judge for the Northern District of Georgia,PN1420,,,2018-10-11,https://www.senate.gov/legislative/LIS/roll_call_votes/vote1152/vote_115_2_00234.htm,Confirmed 54-41,
115,2,Richard J. Sullivan,U.S. Circuit Judge for the Second Circuit,PN1900,,,2018-10-11,https://www.senate.gov/legislative/LIS/roll_call_votes/vote1152/vote_115_2_00233.htm,Confirmed 79-16,
115,2,Ryan Douglas Nelson,U.S. Circuit Judge for the Ninth Circuit,PN1964,,,2018-10-11,https://www.senate.gov/legislative/LIS/roll_call_votes/vote1152/vote_115_2_00232.htm,Confirmed 51-44,
115,2,David James Porter,U.S. Circuit Judge for the Third Circuit,PN1843,,,2018-10-11,https://www.senate.gov/legislative/LIS/roll_call_votes/vote1152/vote_115_2_00231.htm,Confirmed 50-45,
115,2,Eric S. Dreiband,Assistant Attorney General,PN1409,,,2018-10-11,https://www.senate.gov/legislative/LIS/roll_call_votes/vote1152/vote_115_2_00230.htm,Confirmed 50-47,
115,2,Jeffrey Bossert Clark,Assistant Attorney General,PN1407,,,2018-10-11,https://www.senate.gov/legislative/LIS/roll_call_votes/vote1152/vote_115_2_00228.htm,Confirmed 52-45,
115,2,Michelle Bowman,Member of the Board of Governors of the Federal Reserve System,PN1860,,,2018-11-15,https://www.senate.gov/legislative/LIS/roll_call_votes/vote1152/vote_115_2_00244.htm,Confirmed 64-34,
115,2,Stephen Alexander Vaden,General Counsel of the Department of Agriculture,PN889,,,2018-11-27,https://www.senate.gov/legislative/LIS/roll_call_votes/vote1152/vote_115_2_00246.htm,Confirmed 53-46,
115,2,Karen Dunn Kelley,Deputy Secretary of Commerce,PN2049,,,2018-11-28,https://www.senate.gov/legislative/LIS/roll_call_votes/vote1152/vote_115_2_00248.htm,Confirmed 62-38,
115,2,Kathleen Laura Kraninger,Director of the Bureau of Consumer Financial Protection,PN2170,,,2018-12-06,https://www.senate.gov/legislative/LIS/roll_call_votes/vote1152/vote_115_2_00255.htm,Confirmed 50-49,
115,2,Bernard L. McNamee,Member of the Federal Energy Regulatory Commission,PN2556,,,2018-12-06,https://www.senate.gov/legislative/LIS/roll_call_votes/vote1152/vote_115_2_00254.htm,Confirmed 50-49,
115,2,Jonathan A. Kobes,U.S. Circuit Judge for the Eighth Circuit,PN2117,,,2018-12-11,https://www.senate.gov/legislative/LIS/roll_call_votes/vote1152/vote_115_2_00258.htm,Confirmed 50-50,
115,2,Justin George Muzinich,Deputy Secretary of the Treasury,PN1803,,,2018-12-11,https://www.senate.gov/legislative/LIS/roll_call_votes/vote1152/vote_115_2_00257.htm,Confirmed 55-44,
116,1,Eric D. Miller,United States Circuit Judge for the Ninth Circuit,PN239,,,2019-02-26,https://www.senate.gov/legislative/LIS/roll_call_votes/vote1161/vote_116_1_00029.htm,Confirmed 53-46,
116,1,Michael J. Desmond,"Chief Counsel for the Internal Revenue Service and an Assistant General Counsel, Department of the Treasury",PN89,,,2019-02-27,https://www.senate.gov/legislative/LIS/roll_call_votes/vote1161/vote_116_1_00031.htm,Confirmed 83-15,
116,1,Andrew Wheeler,Administrator of the Environmental Protection Agency,PN22,,,2019-02-28,https://www.senate.gov/legislative/LIS/roll_call_votes/vote1161/vote_116_1_00033.htm,Confirmed 52-47,
116,1,Allison Jones Rushing,United States Circuit Judge for the Fourth Circuit,PN251,,,2019-03-05,https://www.senate.gov/legislative/LIS/roll_call_votes/vote1161/vote_116_1_00035.htm,Confirmed 53-44,
116,1,Chad A. Readler,United States Circuit Judge for the Sixth Circuit,PN248,,,2019-03-06,https://www.senate.gov/legislative/LIS/roll_call_votes/vote1161/vote_116_1_00037.htm,Confirmed 52-47,
116,1,John Fleming,Assistant Secretary of Commerce for Economic Development,PN78,,,2019-03-07,https://www.senate.gov/legislative/LIS/roll_call_votes/vote1161/vote_116_1_00040.htm,Confirmed 67-30,
116,1,Eric E. Murphy,United States Circuit Judge for the Sixth Circuit,PN242,,,2019-03-07,https://www.senate.gov/legislative/LIS/roll_call_votes/vote1161/vote_116_1_00039.htm,Confirmed 52-46,
116,1,Paul B. Matey,U.S. Circuit Judge for the Third Circuit,PN236,,,2019-03-12,https://www.senate.gov/legislative/LIS/roll_call_votes/vote1161/vote_116_1_00042.htm,Confirmed 54-45,
116,1,William Beach,"Commissioner of Labor Statistics, Department of Labor",PN171,,,2019-03-13,https://www.senate.gov/legislative/LIS/roll_call_votes/vote1161/vote_116_1_00046.htm,Confirmed 55-44,
116,1,Neomi J. Rao,U.S. Circuit Judge for the District of Columbia Circuit,PN247,,,2019-03-13,https://www.senate.gov/legislative/LIS/roll_call_votes/vote1161/vote_116_1_00044.htm,Confirmed 53-46,
116,1,Bridget S. Bade,U.S. Circuit Judge for the Ninth Circuit,PN213,,,2019-03-26,https://www.senate.gov/legislative/LIS/roll_call_votes/vote1161/vote_116_1_00051.htm,Confirmed 78-21,
116,1,Nicole R. Nason,Administrator of the Federal Highway Administration,PN2,,,2019-03-28,https://www.senate.gov/legislative/LIS/roll_call_votes/vote1161/vote_116_1_00054.htm,Confirmed 95-1,
116,1,Mark Anthony Calabria,Director of the Federal Housing Finance Agency,PN1,,,2019-04-04,https://www.senate.gov/legislative/LIS/roll_call_votes/vote1161/vote_116_1_00064.htm,Confirmed 52-44,
116,1,Roy Kalman Altman,U. S. District Judge for the Southern District of Florida,PN211,,,2019-04-04,https://www.senate.gov/legislative/LIS/roll_call_votes/vote1161/vote_116_1_00062.htm,Confirmed 66-33,
116,1,Patrick R. Wyrick,U.S. District Judge for the Western District of Oklahoma,PN258,,,2019-04-09,https://www.senate.gov/legislative/LIS/roll_call_votes/vote1161/vote_116_1_00068.htm,Confirmed 53-47,
116,1,Daniel Desmond Domenico,U.S. District Judge for the District of Colorado,PN228,,,2019-04-09,https://www.senate.gov/legislative/LIS/roll_call_votes/vote1161/vote_116_1_00066.htm,Confirmed 57-42,
116,1,David Steven Morales,U.S. District Judge for the Southern District of Texas,PN240,,,2019-04-10,https://www.senate.gov/legislative/LIS/roll_call_votes/vote1161/vote_116_1_00075.htm,Confirmed 56-41,
116,1,Holly A. Brady,U.S. District Judge for the Northern District of Indiana,PN222,,,2019-04-10,https://www.senate.gov/legislative/LIS/roll_call_votes/vote1161/vote_116_1_00073.htm,Confirmed 56-42,
116,1,John P. Abizaid,Ambassador to the Kingdom of Saudi Arabia,PN103,,,2019-04-10,https://www.senate.gov/legislative/LIS/roll_call_votes/vote1161/vote_116_1_00071.htm,Confirmed 92-7,
116,1,Cheryl Marie Stanton,"Administrator of the Wage and Hour Division, Department of Labor",PN179,,,2019-04-10,https://www.senate.gov/legislative/LIS/roll_call_votes/vote1161/vote_116_1_00070.htm,Confirmed 53-45,
116,1,David Bernhardt,Secretary of the Interior,PN503,,,2019-04-11,https://www.senate.gov/legislative/LIS/roll_call_votes/vote1161/vote_116_1_00077.htm,Confirmed 56-41,
116,1,Gordon Hartogensis,Director of the Pension Benefit Guaranty Corporation,PN150,,,2019-04-30,https://www.senate.gov/legislative/LIS/roll_call_votes/vote1161/vote_116_1_00083.htm,Confirmed 72-27,
116,1,R. Clarke Cooper,Assistant Secretary of State,PN116,,,2019-04-30,https://www.senate.gov/legislative/LIS/roll_call_votes/vote1161/vote_116_1_00081.htm,Confirmed 90-8,
116,1,William Cooper,"General Counsel, Department of Energy",PN75,,,2019-04-30,https://www.senate.gov/legislative/LIS/roll_call_votes/vote1161/vote_116_1_00079.htm,Confirmed 68-31,
116,1,Andrew Lynn Brasher,U.S. District Judge for the Middle District of Alabama,PN223,,,2019-05-01,https://www.senate.gov/legislative/LIS/roll_call_votes/vote1161/vote_116_1_00087.htm,Confirmed 52-47,
116,1,J. Campbell Barker,U.S. District Judge for the Eastern District of Texas,PN217,,,2019-05-01,https://www.senate.gov/legislative/LIS/roll_call_votes/vote1161/vote_116_1_00085.htm,Confirmed 51-47,
116,1,Joshua Wolson,U.S. District Judge for the Eastern District of Pennsylvania,PN257,,,2019-05-02,https://www.senate.gov/legislative/LIS/roll_call_votes/vote1161/vote_116_1_00093.htm,Confirmed 65-33,
116,1,Raul M. Arias-Marxuach,U.S. District Judge for the District of Puerto Rico,PN212,,,2019-05-02,https://www.senate.gov/legislative/LIS/roll_call_votes/vote1161/vote_116_1_00092.htm,Confirmed 95-3,
116,1,Rodolfo Armando Ruiz II,U.S. District Judge for the Southern District of Florida,PN250,,,2019-05-02,https://www.senate.gov/legislative/LIS/roll_call_votes/vote1161/vote_116_1_00091.htm,Confirmed 90-8,
116,1,Janet Dhillon,Member of the Equal Employment Opportunity Commission,PN173,,,2019-05-08,https://www.senate.gov/legislative/LIS/roll_call_votes/vote1161/vote_116_1_00104.htm,Confirmed 50-43,
116,1,Spencer Bachus III,Member of the Export-Import Bank of the United States,PN47,,,2019-05-08,https://www.senate.gov/legislative/LIS/roll_call_votes/vote1161/vote_116_1_00101.htm,Confirmed 72-22,
116,1,Kimberly A. Reed,President of the Export-Import Bank of the United States,PN55,,,2019-05-08,https://www.senate.gov/legislative/LIS/roll_call_votes/vote1161/vote_116_1_00100.htm,Confirmed 79-17,
116,1,Joseph F. Bianco,U.S. Circuit Judge for the Second Circuit,PN220,,,2019-05-08,https://www.senate.gov/legislative/LIS/roll_call_votes/vote1161/vote_116_1_00099.htm,Confirmed 54-42,
116,1,Michael H. Park,U.S. Circuit Judge for the Second Circuit,PN245,,,2019-05-09,https://www.senate.gov/legislative/LIS/roll_call_votes/vote1161/vote_116_1_00106.htm,Confirmed 52-41,
116,1,Michael J. Truncale,U.S. District Judge for the Eastern District of Texas,PN253,,,2019-05-14,https://www.senate.gov/legislative/LIS/roll_call_votes/vote1161/vote_116_1_00108.htm,Confirmed 49-46,
116,1,Kenneth Kiyul Lee,U.S. Circuit Judge for the Ninth Circuit,PN373,,,2019-05-15,https://www.senate.gov/legislative/LIS/roll_call_votes/vote1161/vote_116_1_00110.htm,Confirmed 52-45,
116,1,Jeffrey A. Rosen,Deputy Attorney General,PN526,,,2019-05-16,https://www.senate.gov/legislative/LIS/roll_call_votes/vote1161/vote_116_1_00116.htm,Confirmed 52-45,
116,1,Brian J. Bulatao,Under Secretary of State,PN111,,,2019-05-16,https://www.senate.gov/legislative/LIS/roll_call_votes/vote1161/vote_116_1_00115.htm,Confirmed 92-5,
116,1,Wendy Vitter,U.S. District Judge for the Eastern District of Louisiana,PN254,,,2019-05-16,https://www.senate.gov/legislative/LIS/roll_call_votes/vote1161/vote_116_1_00114.htm,Confirmed 52-45,
116,1,Daniel P. Collins,United States Circuit Judge for the Ninth Circuit,PN372,,,2019-05-21,https://www.senate.gov/legislative/LIS/roll_call_votes/vote1161/vote_116_1_00118.htm,Confirmed 53-46,
116,1,Kenneth D. Bell,U.S. District Judge for the Western District of North Carolina,PN218,,,2019-05-22,https://www.senate.gov/legislative/LIS/roll_call_votes/vote1161/vote_116_1_00126.htm,Confirmed 55-43,
116,1,Carl J. Nichols,U.S. District Judge for the District of Columbia,PN243,,,2019-05-22,https://www.senate.gov/legislative/LIS/roll_call_votes/vote1161/vote_116_1_00125.htm,Confirmed 55-43,
116,1,"Stephen R. Clark, Sr.",U.S. District Judge for the Eastern District of Missouri,PN226,,,2019-05-22,https://www.senate.gov/legislative/LIS/roll_call_votes/vote1161/vote_116_1_00124.htm,Confirmed 53-45,
116,1,"Howard C. Nielson, Jr.",U.S. District Judge for the District of Utah,PN244,,,2019-05-22,https://www.senate.gov/legislative/LIS/roll_call_votes/vote1161/vote_116_1_00123.htm,Confirmed 51-47,
116,1,Andrew M. Saul,Commissioner of Social Security,PN94,,,2019-06-04,https://www.senate.gov/legislative/LIS/roll_call_votes/vote1161/vote_116_1_00133.htm,Confirmed 77-16,
116,1,Susan Combs,Assistant Secretary of Interior,PN74,,,2019-06-05,https://www.senate.gov/legislative/LIS/roll_call_votes/vote1161/vote_116_1_00141.htm,Confirmed 57-36,
116,1,Heath P. Tarbert,Commissioner of the Commodity Futures Trading Commission,PN19,,,2019-06-05,https://www.senate.gov/legislative/LIS/roll_call_votes/vote1161/vote_116_1_00139.htm,Confirmed 85-9,
116,1,Heath P. Tarbert,Chairman of the Commodity Futures Trading Commission,PN18,,,2019-06-05,https://www.senate.gov/legislative/LIS/roll_call_votes/vote1161/vote_116_1_00138.htm,Confirmed 84-9,
116,1,David Schenker,Assistant Secretary of State,PN139,,,2019-06-05,https://www.senate.gov/legislative/LIS/roll_call_votes/vote1161/vote_116_1_00137.htm,Confirmed 83-11,
116,1,Richard A. Hertling,Judge of the U.S. Court of Federal Claims,PN230,,,2019-06-10,https://www.senate.gov/legislative/LIS/roll_call_votes/vote1161/vote_116_1_00147.htm,Confirmed 69-27,
116,1,"Rossie David Alston, Jr.",United States District Judge for the Eastern District of Virginia,PN210,,,2019-06-10,https://www.senate.gov/legislative/LIS/roll_call_votes/vote1161/vote_116_1_00146.htm,Confirmed 75-20,
116,1,Ryan T. Holte,Judge of the U.S. Court of Federal Claims,PN231,,,2019-06-10,https://www.senate.gov/legislative/LIS/roll_call_votes/vote1161/vote_116_1_00145.htm,Confirmed 60-35,
116,1,Sarah Daggett Morrison,United States District Judge for the Southern District of Ohio,PN241,,,2019-06-11,https://www.senate.gov/legislative/LIS/roll_call_votes/vote1161/vote_116_1_00149.htm,Confirmed 89-7,
116,1,Jean-Paul Boulee,U.S. District Judge for the Northern District of Georgia,PN221,,,2019-06-12,https://www.senate.gov/legislative/LIS/roll_call_votes/vote1161/vote_116_1_00159.htm,Confirmed 85-11,
116,1,Thomas P. Barber,U.S. District Judge for the Middle District of Florida,PN215,,,2019-06-12,https://www.senate.gov/legislative/LIS/roll_call_votes/vote1161/vote_116_1_00158.htm,Confirmed 77-19,
116,1,Rodney Smith,U.S. District Judge for the Southern District of Florida,PN252,,,2019-06-12,https://www.senate.gov/legislative/LIS/roll_call_votes/vote1161/vote_116_1_00157.htm,Confirmed 78-18,
116,1,Corey Landon Maze,U.S. District Judge for the Northern District of Alabama,PN237,,,2019-06-12,https://www.senate.gov/legislative/LIS/roll_call_votes/vote1161/vote_116_1_00156.htm,Confirmed 62-34,
116,1,Pamela A. Barker,U.S. District Judge for the Northern District of Ohio,PN216,,,2019-06-12,https://www.senate.gov/legislative/LIS/roll_call_votes/vote1161/vote_116_1_00155.htm,Confirmed 91-5,
116,1,Edward F. Crawford,Ambassador of the United States of America to Ireland,PN118,,,2019-06-13,https://www.senate.gov/legislative/LIS/roll_call_votes/vote1161/vote_116_1_00165.htm,Confirmed 90-4,
116,1,David Stilwell,Assistant Secretary of State (East Asian and Pacific Affairs),PN141,,,2019-06-13,https://www.senate.gov/legislative/LIS/roll_call_votes/vote1161/vote_116_1_00164.htm,Confirmed 94-3,
116,1,Sean Cairncross,"Chief Executive Officer, Millennium Challenge Corporation",PN113,,,2019-06-18,https://www.senate.gov/legislative/LIS/roll_call_votes/vote1161/vote_116_1_00167.htm,Confirmed 59-37,
116,1,Greg Gerard Guidry,U.S. District Judge for the Eastern District of Louisiana,PN203,,,2019-06-19,https://www.senate.gov/legislative/LIS/roll_call_votes/vote1161/vote_116_1_00175.htm,Confirmed 53-46,
116,1,"James David Cain, Jr.",U.S. District Judge for the Western District of Louisiana,PN225,,,2019-06-19,https://www.senate.gov/legislative/LIS/roll_call_votes/vote1161/vote_116_1_00174.htm,Confirmed 77-21,
116,1,Allen Cothrel Winsor,U.S. District Judge for the Northern District of Florida,PN256,,,2019-06-19,https://www.senate.gov/legislative/LIS/roll_call_votes/vote1161/vote_116_1_00173.htm,Confirmed 54-44,
116,1,Matthew J. Kacsmaryk,U.S. District Judge for the Northern District of Texas,PN233,,,2019-06-19,https://www.senate.gov/legislative/LIS/roll_call_votes/vote1161/vote_116_1_00172.htm,Confirmed 52-46,
116,1,Rita Baranwal,Assistant Secretary of Energy,PN73,,,2019-06-20,https://www.senate.gov/legislative/LIS/roll_call_votes/vote1161/vote_116_1_00180.htm,Confirmed 86-5,
116,1,Daniel Aaron Bress,U.S. Circuit Judge for the Ninth Circuit,PN370,,,2019-07-09,https://www.senate.gov/legislative/LIS/roll_call_votes/vote1161/vote_116_1_00191.htm,Confirmed 53-45,
116,1,Damon Ray Leichty,U.S. District Judge for the Northern District of Indiana,PN234,,,2019-07-10,https://www.senate.gov/legislative/LIS/roll_call_votes/vote1161/vote_116_1_00197.htm,Confirmed 85-10,
116,1,J. Nicholas Ranjan,U.S. District Judge for the Western District of Pennsylvania,PN246,,,2019-07-10,https://www.senate.gov/legislative/LIS/roll_call_votes/vote1161/vote_116_1_00196.htm,Confirmed 80-14,
116,1,T. Kent Wetherell II,U.S. District Judge for the Northern District of Florida,PN255,,,2019-07-10,https://www.senate.gov/legislative/LIS/roll_call_votes/vote1161/vote_116_1_00195.htm,Confirmed 78-15,
116,1,Peter C. Wright,"Assistant Administrator, Office of Solid Waste, Environmental Protection Agency",PN80,,,2019-07-11,https://www.senate.gov/legislative/LIS/roll_call_votes/vote1161/vote_116_1_00203.htm,Confirmed 52-38,
116,1,John P. Pallasch,Assistant Secretary of Labor,PN177,,,2019-07-11,https://www.senate.gov/legislative/LIS/roll_call_votes/vote1161/vote_116_1_00201.htm,Confirmed 54-39,
116,1,Robert L. King,"Assistant Secretary for Postsecondary Education, Department of Education",PN345,,,2019-07-11,https://www.senate.gov/legislative/LIS/roll_call_votes/vote1161/vote_116_1_00200.htm,Confirmed 56-37,
116,1,Peter Joseph Phipps,U.S. Circuit Judge for the Third Circuit,PN725,,,2019-07-16,https://www.senate.gov/legislative/LIS/roll_call_votes/vote1161/vote_116_1_00205.htm,Confirmed 56-40,
116,1,Donald R. Tapia,Ambassador of the United States to Jamaica,PN143,,,2019-07-18,https://www.senate.gov/legislative/LIS/roll_call_votes/vote1161/vote_116_1_00218.htm,Confirmed 66-26,
116,1,Lynda Blanchard,Ambassador of the United States to the Republic of Slovenia,PN108,,,2019-07-18,https://www.senate.gov/legislative/LIS/roll_call_votes/vote1161/vote_116_1_00217.htm,Confirmed 54-40,
116,1,Clifton L. Corker,U.S. District Judge for the Eastern District of Tennessee,PN227,,,2019-07-18,https://www.senate.gov/legislative/LIS/roll_call_votes/vote1161/vote_116_1_00216.htm,Confirmed 55-39,
116,1,Mark T. Esper,Secretary of Defense,PN934,,,2019-07-23,https://www.senate.gov/legislative/LIS/roll_call_votes/vote1161/vote_116_1_00220.htm,Confirmed 90-8,
116,1,Brian C. Buescher,U.S. District Judge for the District of Nebraska,PN224,,,2019-07-24,https://www.senate.gov/legislative/LIS/roll_call_votes/vote1161/vote_116_1_00229.htm,Confirmed 51-40,
116,1,Wendy Williams Berger,U.S. District Judge for the Middle District of Florida,PN219,,,2019-07-24,https://www.senate.gov/legislative/LIS/roll_call_votes/vote1161/vote_116_1_00228.htm,Confirmed 54-37,
116,1,Stephen M. Dickson,Administrator of the Federal Aviation Administration,PN613,,,2019-07-24,https://www.senate.gov/legislative/LIS/roll_call_votes/vote1161/vote_116_1_00225.htm,Confirmed 52-40,
116,1,Sean D. Jordan,U.S. District Judge for the Eastern District of Texas,PN205,,,2019-07-30,https://www.senate.gov/legislative/LIS/roll_call_votes/vote1161/vote_116_1_00241.htm,Confirmed 54-34,
116,1,James Wesley Hendrix,U.S. District Judge for the Northern District of Texas,PN204,,,2019-07-30,https://www.senate.gov/legislative/LIS/roll_call_votes/vote1161/vote_116_1_00239.htm,Confirmed 89-1,
116,1,Peter D. Welte,U.S. District Judge for the District of North Dakota,PN208,,,2019-07-30,https://www.senate.gov/legislative/LIS/roll_call_votes/vote1161/vote_116_1_00237.htm,Confirmed 68-22,
116,1,Michael T. Liburdi,U.S. District Judge for the District of Arizona,PN206,,,2019-07-30,https://www.senate.gov/legislative/LIS/roll_call_votes/vote1161/vote_116_1_00236.htm,Confirmed 53-37,
116,1,Kelly Craft,Ambassador of the United States of America to the United Nations and Representative to the Security Council,PN712,,,2019-07-31,https://www.senate.gov/legislative/LIS/roll_call_votes/vote1161/vote_116_1_00259.htm,Confirmed 56-34,
116,1,William Shaw Stickman IV,U.S. District Judge for the Western District of Pennsylvania,PN727,,,2019-07-31,https://www.senate.gov/legislative/LIS/roll_call_votes/vote1161/vote_116_1_00258.htm,Confirmed 56-34,
116,1,Martha Maria Pacold,U.S. District Judge for the Northern District of Illinois,PN780,,,2019-07-31,https://www.senate.gov/legislative/LIS/roll_call_votes/vote1161/vote_116_1_00257.htm,Confirmed 87-3,
116,1,Jason K. Pulliam,U.S. District Judge for the Western District of Texas,PN454,,,2019-07-31,https://www.senate.gov/legislative/LIS/roll_call_votes/vote1161/vote_116_1_00256.htm,Confirmed 54-36,
116,1,Brantley Starr,U.S. District Judge for the Northern District of Texas,PN512,,,2019-07-31,https://www.senate.gov/legislative/LIS/roll_call_votes/vote1161/vote_116_1_00255.htm,Confirmed 51-39,
116,1,Jeffrey Vincent Brown,U.S. District Judge for the Southern District of Texas,PN510,,,2019-07-31,https://www.senate.gov/legislative/LIS/roll_call_votes/vote1161/vote_116_1_00254.htm,Confirmed 50-40,
116,1,Mark T. Pittman,U.S. District Judge for the Northern District of Texas,PN207,,,2019-07-31,https://www.senate.gov/legislative/LIS/roll_call_votes/vote1161/vote_116_1_00253.htm,Confirmed 54-36,
116,1,Elizabeth Darling,"Commissioner on Children, Youth, and Families, Department of Health and Human Services",PN88,,,2019-09-10,https://www.senate.gov/legislative/LIS/roll_call_votes/vote1161/vote_116_1_00266.htm,Confirmed 57-37,
116,1,Kelly Craft,Representative of the United States of America to the Sessions of the General Assembly of the United Nations,PN713,,,2019-09-10,https://www.senate.gov/legislative/LIS/roll_call_votes/vote1161/vote_116_1_00264.htm,Confirmed 56-38,
116,1,Steven C. Seeger,U.S. District Judge for the Northern District of Illinois,PN782,,,2019-09-11,https://www.senate.gov/legislative/LIS/roll_call_votes/vote1161/vote_116_1_00279.htm,Confirmed 90-1,
116,1,Steven D. Grimberg,U.S. District Judge for the Northern District of Georgia,PN566,,,2019-09-11,https://www.senate.gov/legislative/LIS/roll_call_votes/vote1161/vote_116_1_00278.htm,Confirmed 75-18,
116,1,Ada E. Brown,United States District Judge for the Northern District of Texas,PN524,,,2019-09-11,https://www.senate.gov/legislative/LIS/roll_call_votes/vote1161/vote_116_1_00277.htm,Confirmed 80-13,
116,1,Stephanie L. Haines,U.S. District Judge for the Western District of Pennsylvania,PN453,,,2019-09-11,https://www.senate.gov/legislative/LIS/roll_call_votes/vote1161/vote_116_1_00276.htm,Confirmed 94-0,
116,1,James Byrne,Deputy Secretary of Veterans Affairs,PN631,,,2019-09-11,https://www.senate.gov/legislative/LIS/roll_call_votes/vote1161/vote_116_1_00272.htm,Confirmed 81-11,
116,1,Dale Cabaniss,Director of the Office of Personnel Management,PN448,,,2019-09-11,https://www.senate.gov/legislative/LIS/roll_call_votes/vote1161/vote_116_1_00271.htm,Confirmed 54-38,
116,1,Stephen Akard,"Director of the Office of Foreign Missions, Department of State",PN104,,,2019-09-11,https://www.senate.gov/legislative/LIS/roll_call_votes/vote1161/vote_116_1_00270.htm,Confirmed 90-2,
116,1,Thomas Peter Feddo,Assistant Secretary of the Treasury,PN611,,,2019-09-12,https://www.senate.gov/legislative/LIS/roll_call_votes/vote1161/vote_116_1_00281.htm,Confirmed 85-1,
116,1,Michelle Bowman,Member of the Board of Governors of the Federal Reserve System,PN561,,,2019-09-12,https://www.senate.gov/legislative/LIS/roll_call_votes/vote1161/vote_116_1_00280.htm,Confirmed 60-31,
116,1,Kenneth A. Howery,Ambassador of the United States of America to the Kingdom of Sweden.,PN127,,,2019-09-17,https://www.senate.gov/legislative/LIS/roll_call_votes/vote1161/vote_116_1_00285.htm,Confirmed 62-32,
116,1,"John Rakolta, Jr.",Ambassador of the United States of America to the United Arab Emirates,PN135,,,2019-09-17,https://www.senate.gov/legislative/LIS/roll_call_votes/vote1161/vote_116_1_00283.htm,Confirmed 63-30,
116,1,Brian Callanan,General Counsel for the Department of the Treasury,PN794,,,2019-09-18,https://www.senate.gov/legislative/LIS/roll_call_votes/vote1161/vote_116_1_00291.htm,Confirmed 55-39,
116,1,Brent James McIntosh,Under Secretary of the Treasury,PN795,,,2019-09-18,https://www.senate.gov/legislative/LIS/roll_call_votes/vote1161/vote_116_1_00290.htm,Confirmed 54-38,
116,1,Robert A. Destro,"Assistant Secretary of State for Democracy, Human Rights, and Labor",PN119,,,2019-09-18,https://www.senate.gov/legislative/LIS/roll_call_votes/vote1161/vote_116_1_00289.htm,Confirmed 49-44,
116,1,David Fabian Black,Deputy Commissioner of Social Security,PN87,,,2019-09-24,https://www.senate.gov/legislative/LIS/roll_call_votes/vote1161/vote_116_1_00301.htm,Confirmed 68-26,
116,1,Daniel Habib Jorjani,Solicitor of the Department of the Interior,PN552,,,2019-09-24,https://www.senate.gov/legislative/LIS/roll_call_votes/vote1161/vote_116_1_00300.htm,Confirmed 51-43,
116,1,Joseph Cella,"Ambassador of the United States of America to the Republics of Fiji, Kiribati, Nauru and the Kingdom of Tonga, and Tuvalu",PN114,,,2019-09-24,https://www.senate.gov/legislative/LIS/roll_call_votes/vote1161/vote_116_1_00299.htm,Confirmed 56-38,
116,1,Brian McGuire,Deputy Under Secretary of the Treasury,PN408,,,2019-09-24,https://www.senate.gov/legislative/LIS/roll_call_votes/vote1161/vote_116_1_00298.htm,Confirmed 88-6,
116,1,Eugene Scalia,Secretary of Labor,PN1099,,,2019-09-26,https://www.senate.gov/legislative/LIS/roll_call_votes/vote1161/vote_116_1_00313.htm,Confirmed 53-44,
116,1,Rachel P. Kovner,U.S. District Judge for the Eastern District of New York,PN777,,,2019-10-16,https://www.senate.gov/legislative/LIS/roll_call_votes/vote1161/vote_116_1_00323.htm,Confirmed 88-3,
116,1,David John Novak,U.S. District Judge for the Eastern District of Virginia,PN525,,,2019-10-16,https://www.senate.gov/legislative/LIS/roll_call_votes/vote1161/vote_116_1_00322.htm,Confirmed 89-3,
116,1,Charles R. Eskridge III,U.S. District Judge for the Southern District of Texas,PN722,,,2019-10-16,https://www.senate.gov/legislative/LIS/roll_call_votes/vote1161/vote_116_1_00321.htm,Confirmed 61-31,
116,1,Frank William Volk,U.S. District Judge for the Southern District of West Virginia,PN559,,,2019-10-16,https://www.senate.gov/legislative/LIS/roll_call_votes/vote1161/vote_116_1_00320.htm,Confirmed 92-0,
116,1,Barbara McConnell Barrett,Secretary of the Air Force,PN1042,,,2019-10-16,https://www.senate.gov/legislative/LIS/roll_call_votes/vote1161/vote_116_1_00319.htm,Confirmed 85-7,
116,1,Andrew P. Bremberg,Representative of the United States of America to the Office of the United Nations and Other International Organizations in Geneva,PN110,,,2019-10-22,https://www.senate.gov/legislative/LIS/roll_call_votes/vote1161/vote_116_1_00329.htm,Confirmed 50-44,
116,1,Justin Reed Walker,U.S. District Judge for the Western District of Kentucky,PN898,,,2019-10-24,https://www.senate.gov/legislative/LIS/roll_call_votes/vote1161/vote_116_1_00333.htm,Confirmed 50-41,
116,1,David Austin Tapp,Judge of the United States Court of Federal Claims,PN456,,,2019-11-05,https://www.senate.gov/legislative/LIS/roll_call_votes/vote1161/vote_116_1_00344.htm,Confirmed 85-8,
116,1,Danielle J. Hunsaker,U.S. Circuit Judge for the Ninth Circuit,PN1106,,,2019-11-06,https://www.senate.gov/legislative/LIS/roll_call_votes/vote1161/vote_116_1_00348.htm,Confirmed 73-17,
116,1,William Joseph Nardini,U.S. Circuit Judge for the Second Circuit,PN1107,,,2019-11-07,https://www.senate.gov/legislative/LIS/roll_call_votes/vote1161/vote_116_1_00352.htm,Confirmed 86-2,
116,1,Jennifer Philpott Wilson,U.S. District Judge for the Middle District of Pennsylvania,PN729,,,2019-11-07,https://www.senate.gov/legislative/LIS/roll_call_votes/vote1161/vote_116_1_00351.htm,Confirmed 88-3,
116,1,Lee Philip Rudofsky,U.S. District Judge for the Eastern District of Arkansas,PN905,,,2019-11-07,https://www.senate.gov/legislative/LIS/roll_call_votes/vote1161/vote_116_1_00350.htm,Confirmed 51-41,
116,1,Chad F. Wolf,"Under Secretary for Strategy, Policy, and Plans, Department of Homeland Security",PN410,,,2019-11-13,https://www.senate.gov/legislative/LIS/roll_call_votes/vote1161/vote_116_1_00354.htm,Confirmed 54-41,
116,1,Steven J. Menashi,U.S. Circuit Judge for the Second Circuit,PN1054,,,2019-11-14,https://www.senate.gov/legislative/LIS/roll_call_votes/vote1161/vote_116_1_00356.htm,Confirmed 51-41,
116,1,Robert J. Luck,U.S. Circuit Judge for the Eleventh Circuit,PN1172,,,2019-11-19,https://www.senate.gov/legislative/LIS/roll_call_votes/vote1161/vote_116_1_00358.htm,Confirmed 64-31,
116,1,Adrian Zuckerman,Ambassador of the United States of America to Romania,PN148,,,2019-11-20,https://www.senate.gov/legislative/LIS/roll_call_votes/vote1161/vote_116_1_00362.htm,Confirmed 65-30,
116,1,Barbara Lagoa,U.S. Circuit Judge for the Eleventh Circuit,PN1171,,,2019-11-20,https://www.senate.gov/legislative/LIS/roll_call_votes/vote1161/vote_116_1_00360.htm,Confirmed 80-15,
116,1,Dan R. Brouillette,Secretary of Energy,PN1268,,,2019-12-02,https://www.senate.gov/legislative/LIS/roll_call_votes/vote1161/vote_116_1_00367.htm,Confirmed 70-15,
116,1,Eric Ross Komitee,U.S. District Judge for the Eastern District of New York,PN776,,,2019-12-03,https://www.senate.gov/legislative/LIS/roll_call_votes/vote1161/vote_116_1_00369.htm,Confirmed 86-4,
116,1,David B. Barlow,U.S. District Judge of the District of Utah,PN853,,,2019-12-04,https://www.senate.gov/legislative/LIS/roll_call_votes/vote1161/vote_116_1_00382.htm,Confirmed 88-4,
116,1,"R. Austin Huffaker, Jr.",U.S. District Judge for the Middle District of Alabama,PN903,,,2019-12-04,https://www.senate.gov/legislative/LIS/roll_call_votes/vote1161/vote_116_1_00381.htm,Confirmed 89-4,
116,1,Douglas Russell Cole,U.S. District Judge for the Southern District of Ohio,PN720,,,2019-12-04,https://www.senate.gov/legislative/LIS/roll_call_votes/vote1161/vote_116_1_00380.htm,Confirmed 63-30,
116,1,Sarah E. Pitlyk,U.S. District Judge for the Eastern District of Missouri,PN1056,,,2019-12-04,https://www.senate.gov/legislative/LIS/roll_call_votes/vote1161/vote_116_1_00379.htm,Confirmed 49-44,
116,1,"John L. Sinatra, Jr.",U.S. District Judge for the Western District of New York,PN783,,,2019-12-04,https://www.senate.gov/legislative/LIS/roll_call_votes/vote1161/vote_116_1_00378.htm,Confirmed 75-18,
116,1,Robert M. Duncan,Governor of the United States Postal Service,PN185,,,2019-12-05,https://www.senate.gov/legislative/LIS/roll_call_votes/vote1161/vote_116_1_00385.htm,Confirmed 89-0,
116,1,Sherri A. Lydon,U.S. District Judge for the District of South Carolina,PN1173,,,2019-12-05,https://www.senate.gov/legislative/LIS/roll_call_votes/vote1161/vote_116_1_00384.htm,Confirmed 76-13,
116,1,Richard Ernest Myers II,U.S. District Judge for the Eastern District of North Carolina,PN1055,,,2019-12-05,https://www.senate.gov/legislative/LIS/roll_call_votes/vote1161/vote_116_1_00383.htm,Confirmed 68-21,
116,1,Patrick J. Bumatay,U.S. Circuit Judge for the Ninth Circuit,PN1167,,,2019-12-10,https://www.senate.gov/legislative/LIS/roll_call_votes/vote1161/vote_116_1_00387.htm,Confirmed 53-40,
116,1,Lawrence VanDyke,U.S. Circuit Judge for the Ninth Circuit,PN1175,,,2019-12-11,https://www.senate.gov/legislative/LIS/roll_call_votes/vote1161/vote_116_1_00391.htm,Confirmed 51-44,
116,1,Stephen Hahn,"Commissioner of Food and Drugs, Department of Health and Human Services",PN1267,,,2019-12-12,https://www.senate.gov/legislative/LIS/roll_call_votes/vote1161/vote_116_1_00397.htm,Confirmed 73-17,
116,1,Aurelia Skipwith,"Director of the United States Fish and Wildlife Service, Department of the Interior",PN964,,,2019-12-12,https://www.senate.gov/legislative/LIS/roll_call_votes/vote1161/vote_116_1_00395.htm,Confirmed 52-39,
116,1,Matthew Walden McFarland,U.S. District Judge for the Southern District of Ohio,PN238,,,2019-12-18,https://www.senate.gov/legislative/LIS/roll_call_votes/vote1161/vote_116_1_00402.htm,Confirmed 56-38,
116,1,Stephen E. Biegun,Deputy Secretary of State,PN1266,,,2019-12-19,https://www.senate.gov/legislative/LIS/roll_call_votes/vote1161/vote_116_1_00426.htm,Confirmed 90-3,
116,1,Lewis J. Liman,U.S. District Judge for the Southern District of New York,PN778,,,2019-12-19,https://www.senate.gov/legislative/LIS/roll_call_votes/vote1161/vote_116_1_00425.htm,Confirmed 64-29,
116,1,Robert J. Colville,U.S. District Judge for the Western District of Pennsylvania,PN450,,,2019-12-19,https://www.senate.gov/legislative/LIS/roll_call_votes/vote1161/vote_116_1_00424.htm,Confirmed 66-27,
116,1,Kea Whetzal Riggs,U.S. District Judge for the District of New Mexico,PN726,,,2019-12-19,https://www.senate.gov/legislative/LIS/roll_call_votes/vote1161/vote_116_1_00423.htm,Confirmed 94-0,
116,1,Mary Kay Vyskocil,U.S. District Judge for the Southern District of New York,PN784,,,2019-12-19,https://www.senate.gov/legislative/LIS/roll_call_votes/vote1161/vote_116_1_00422.htm,Confirmed 91-3,
116,1,Bernard Maurice Jones II,U.S. District Judge for the Western District of Oklahoma,PN1238,,,2019-12-19,https://www.senate.gov/legislative/LIS/roll_call_votes/vote1161/vote_116_1_00421.htm,Confirmed 91-3,
116,1,John M. Gallagher,U.S. District Judge for the Eastern District of Pennsylvania,PN1169,,,2019-12-19,https://www.senate.gov/legislative/LIS/roll_call_votes/vote1161/vote_116_1_00420.htm,Confirmed 83-9,
116,1,Jodi W. Dishman,U.S. District Judge for the District of Oklahoma,PN1051,,,2019-12-19,https://www.senate.gov/legislative/LIS/roll_call_votes/vote1161/vote_116_1_00419.htm,Confirmed 75-17,
116,1,Karen Spencer Marston,U.S. District Judge for the Eastern District of Pennsylvania,PN1053,,,2019-12-19,https://www.senate.gov/legislative/LIS/roll_call_votes/vote1161/vote_116_1_00417.htm,Confirmed 87-6,
116,1,Anuraag Singhal,U.S. District Judge for the Southern District of Florida,PN1057,,,2019-12-19,https://www.senate.gov/legislative/LIS/roll_call_votes/vote1161/vote_116_1_00416.htm,Confirmed 76-17,
116,2,Jovita Carranza,Administrator of the Small Business Administration,PN1039,,,2020-01-07,https://www.senate.gov/legislative/LIS/roll_call_votes/vote1162/vote_116_2_00002.htm,Confirmed 88-5,
116,2,Michael George DeSombre,Ambassador of the United States of America to the Kingdom of Thailand,PN966,,,2020-01-08,https://www.senate.gov/legislative/LIS/roll_call_votes/vote1162/vote_116_2_00008.htm,Confirmed 91-7,
116,2,Eleni Maria Roumel,Judge for the U.S. Court of Federal Claims,PN897,,,2020-01-08,https://www.senate.gov/legislative/LIS/roll_call_votes/vote1162/vote_116_2_00007.htm,Confirmed 51-47,
116,2,Matthew H. Solomson,Judge of the U.S. Court of Federal Claims,PN455,,,2020-01-08,https://www.senate.gov/legislative/LIS/roll_call_votes/vote1162/vote_116_2_00006.htm,Confirmed 89-8,
116,2,Paul J. Ray,"Administrator of the Office of Information and Regulatory Affairs, Office of Management and Budget",PN1166,,,2020-01-09,https://www.senate.gov/legislative/LIS/roll_call_votes/vote1162/vote_116_2_00010.htm,Confirmed 50-44,
116,2,Peter Gaynor,"Administrator of the Federal Emergency Management Agency, Department of Homeland Security",PN1165,,,2020-01-14,https://www.senate.gov/legislative/LIS/roll_call_votes/vote1162/vote_116_2_00012.htm,Confirmed 81-8,
116,2,Andrew Lynn Brasher,U.S. Circuit Judge for the Eleventh Circuit,PN1325,,,2020-02-11,https://www.senate.gov/legislative/LIS/roll_call_votes/vote1162/vote_116_2_00036.htm,Confirmed 52-43,
116,2,Philip M. Halpern,U.S. District Judge for the Southern District of New York,PN229,,,2020-02-12,https://www.senate.gov/legislative/LIS/roll_call_votes/vote1162/vote_116_2_00044.htm,Confirmed 77-19,
116,2,John Fitzgerald Kness,U.S. District Judge for the Northern District of Illinois,PN894,,,2020-02-12,https://www.senate.gov/legislative/LIS/roll_call_votes/vote1162/vote_116_2_00043.htm,Confirmed 81-12,
116,2,Matthew Thomas Schelp,U.S. District Judge for the Eastern District of Missouri,PN1327,,,2020-02-12,https://www.senate.gov/legislative/LIS/roll_call_votes/vote1162/vote_116_2_00042.htm,Confirmed 72-23,
116,2,Joshua M. Kindred,U.S. District Judge for the District of Alaska,PN1326,,,2020-02-12,https://www.senate.gov/legislative/LIS/roll_call_votes/vote1162/vote_116_2_00041.htm,Confirmed 54-41,
116,2,Katharine MacGregor,Deputy Secretary of the Interior,PN1332,,,2020-02-25,https://www.senate.gov/legislative/LIS/roll_call_votes/vote1162/vote_116_2_00060.htm,Confirmed 58-38,
116,2,Silvia Carreno-Coll,U.S. District Judge for the District of Puerto Rico,PN1168,,,2020-02-25,https://www.senate.gov/legislative/LIS/roll_call_votes/vote1162/vote_116_2_00059.htm,Confirmed 96-0,
116,2,Robert Anthony Molloy,Judge for the District Court of the Virgin Islands,PN854,,,2020-02-25,https://www.senate.gov/legislative/LIS/roll_call_votes/vote1162/vote_116_2_00054.htm,Confirmed 97-0,
116,2,Travis Greaves,Judge for the U.S. Tax Court,PN365,,,2020-02-27,https://www.senate.gov/legislative/LIS/roll_call_votes/vote1162/vote_116_2_00062.htm,Confirmed 85-3,
116,2,James P. Danly,Member of the Federal Energy Regulatory Commission,PN1498,,,2020-03-12,https://www.senate.gov/legislative/LIS/roll_call_votes/vote1162/vote_116_2_00072.htm,Confirmed 52-40,
116,2,Robert J. Feitel,Inspector General of Nuclear Regulatory Commission,PN1247,,,2020-05-04,https://www.senate.gov/legislative/LIS/roll_call_votes/vote1162/vote_116_2_00081.htm,Confirmed 87-0,
116,2,William R. Evanina,Director of the National Counterintelligence and Security Center,PN192,,,2020-05-06,https://www.senate.gov/legislative/LIS/roll_call_votes/vote1162/vote_116_2_00083.htm,Confirmed 84-7,
116,2,Troy D. Edgar,"Chief Financial Officer, Department of Homeland Security",PN514,,,2020-05-12,https://www.senate.gov/legislative/LIS/roll_call_votes/vote1162/vote_116_2_00088.htm,Confirmed 62-31,
116,2,Brian D. Montgomery,Deputy Secretary of Housing and Urban Development,PN1155,,,2020-05-12,https://www.senate.gov/legislative/LIS/roll_call_votes/vote1162/vote_116_2_00086.htm,Confirmed 61-32,
116,2,James E. Trainor III,Member of the Federal Election Commission,PN1600,,,2020-05-19,https://www.senate.gov/legislative/LIS/roll_call_votes/vote1162/vote_116_2_00096.htm,Confirmed 49-43,
116,2,Scott H. Rash,U.S. District Judge for the District of Arizona,PN1174,,,2020-05-19,https://www.senate.gov/legislative/LIS/roll_call_votes/vote1162/vote_116_2_00094.htm,Confirmed 74-20,
116,2,John F. Heil III,"U.S. District Judge for the Northern, Eastern and Western Districts of Oklahoma",PN1346,,,2020-05-20,https://www.senate.gov/legislative/LIS/roll_call_votes/vote1162/vote_116_2_00100.htm,Confirmed 75-17,
116,2,Anna M. Manasco,U.S. District Judge for the Northern District of Alabama,PN1438,,,2020-05-20,https://www.senate.gov/legislative/LIS/roll_call_votes/vote1162/vote_116_2_00099.htm,Confirmed 71-21,
116,2,John L. Ratcliffe,Director of National Intelligence,PN1615,,,2020-05-21,https://www.senate.gov/legislative/LIS/roll_call_votes/vote1162/vote_116_2_00101.htm,Confirmed 49-44,
116,2,John Leonard Badalamenti,U.S. District Judge for the Middle District of Florida,PN1430,,,2020-06-01,https://www.senate.gov/legislative/LIS/roll_call_votes/vote1162/vote_116_2_00103.htm,Confirmed 55-22,
116,2,Brian D. Miller,Special Inspector General for Pandemic Recovery,PN1715,,,2020-06-02,https://www.senate.gov/legislative/LIS/roll_call_votes/vote1162/vote_116_2_00107.htm,Confirmed 51-40,
116,2,Victor G. Mercado,Assistant Secretary of Defense,PN1604,,,2020-06-02,https://www.senate.gov/legislative/LIS/roll_call_votes/vote1162/vote_116_2_00105.htm,Confirmed 75-15,
116,2,James H. Anderson,Deputy Under Secretary of Defense,PN1685,,,2020-06-03,https://www.senate.gov/legislative/LIS/roll_call_votes/vote1162/vote_116_2_00109.htm,Confirmed 78-17,
116,2,Michael Pack,Chief Executive Officer of the Broadcasting Board of Governors,PN1590,,,2020-06-04,https://www.senate.gov/legislative/LIS/roll_call_votes/vote1162/vote_116_2_00113.htm,Confirmed 53-38,
116,2,Justin Reed Walker,U.S. Circuit Judge for the District of Columbia Circuit,PN1748,,,2020-06-18,https://www.senate.gov/legislative/LIS/roll_call_votes/vote1162/vote_116_2_00123.htm,Confirmed 51-42,
116,2,Cory T. Wilson,United States Circuit Judge for the Fifth Circuit,PN1749,,,2020-06-24,https://www.senate.gov/legislative/LIS/roll_call_votes/vote1162/vote_116_2_00125.htm,Confirmed 52-48,
116,2,Russell Vought,Director of the Office of Management and Budget,PN1726,,,2020-07-20,https://www.senate.gov/legislative/LIS/roll_call_votes/vote1162/vote_116_2_00131.htm,Confirmed 51-45,
116,2,William Scott Hardy,U.S. District Judge for the Western District of Pennsylvania,PN1345,,,2020-07-27,https://www.senate.gov/legislative/LIS/roll_call_votes/vote1162/vote_116_2_00142.htm,Confirmed 65-30,
116,2,Dana T. Wade,Assistant Secretary of Housing and Urban Development,PN1605,,,2020-07-28,https://www.senate.gov/legislative/LIS/roll_call_votes/vote1162/vote_116_2_00146.htm,Confirmed 57-40,
116,2,David Cleveland Joseph,U.S. District Judge for the Western District of Louisiana,PN1347,,,2020-07-28,https://www.senate.gov/legislative/LIS/roll_call_votes/vote1162/vote_116_2_00145.htm,Confirmed 55-42,
116,2,Lauren McGarity McFerran,Member of the National Labor Relations Board,PN1692,,,2020-07-29,https://www.senate.gov/legislative/LIS/roll_call_votes/vote1162/vote_116_2_00151.htm,Confirmed 53-42,
116,2,Marvin Kaplan,Member of the National Labor Relations Board,PN1690,,,2020-07-29,https://www.senate.gov/legislative/LIS/roll_call_votes/vote1162/vote_116_2_00149.htm,Confirmed 52-46,
116,2,Derek Kan,Deputy Director of the Office of Management and Budget,PN1937,,,2020-07-30,https://www.senate.gov/legislative/LIS/roll_call_votes/vote1162/vote_116_2_00152.htm,Confirmed 71-21,
116,2,Mark Wesley Menezes,Deputy Secretary of Energy,PN1683,,,2020-08-04,https://www.senate.gov/legislative/LIS/roll_call_votes/vote1162/vote_116_2_00155.htm,Confirmed 79-16,
116,2,John Peter Cronan,U.S. District Judge for the Southern District of New York,PN1599,,,2020-08-06,https://www.senate.gov/legislative/LIS/roll_call_votes/vote1162/vote_116_2_00157.htm,Confirmed 55-42,
116,2,Christy Criswell Wiegand,U.S. District Judge for the Western District of Pennsylvania,PN1511,,,2020-09-09,https://www.senate.gov/legislative/LIS/roll_call_votes/vote1162/vote_116_2_00162.htm,Confirmed 82-14,
116,2,Brett H. Ludwig,U.S. District Judge for the Eastern District of Wisconsin,PN1662,,,2020-09-09,https://www.senate.gov/legislative/LIS/roll_call_votes/vote1162/vote_116_2_00159.htm,Confirmed 91-5,
116,2,Diane Gujarati,U.S. District Judge for the Eastern District of New York,PN775,,,2020-09-10,https://www.senate.gov/legislative/LIS/roll_call_votes/vote1162/vote_116_2_00167.htm,Confirmed 99-0,
116,2,Thomas T. Cullen,U.S. District Judge for the Western District of Virginia,PN1431,,,2020-09-10,https://www.senate.gov/legislative/LIS/roll_call_votes/vote1162/vote_116_2_00166.htm,Confirmed 79-19,
116,2,Hala Y. Jarbou,U.S. District Judge for the Western District of Michigan,PN1713,,,2020-09-10,https://www.senate.gov/legislative/LIS/roll_call_votes/vote1162/vote_116_2_00165.htm,Confirmed 83-15,
116,2,John W. Holcomb,U.S. District Judge for the Central District of California,PN1531,,,2020-09-15,https://www.senate.gov/legislative/LIS/roll_call_votes/vote1162/vote_116_2_00175.htm,Confirmed 83-12,
116,2,Stanley Blumenfeld,U.S. District Judge for the Central District of California,PN1381,,,2020-09-15,https://www.senate.gov/legislative/LIS/roll_call_votes/vote1162/vote_116_2_00172.htm,Confirmed 92-4,
116,2,Mark C. Scarsi,U.S. District Judge for the Central District of California,PN1383,,,2020-09-15,https://www.senate.gov/legislative/LIS/roll_call_votes/vote1162/vote_116_2_00170.htm,Confirmed 83-12,
116,2,Stephen P. McGlynn,U.S. District Judge for the Southern District of Illinois,PN1439,,,2020-09-16,https://www.senate.gov/legislative/LIS/roll_call_votes/vote1162/vote_116_2_00180.htm,Confirmed 55-41,
116,2,David W. Dugan,U.S. District Judge for the Southern District of Illinois,PN1507,,,2020-09-16,https://www.senate.gov/legislative/LIS/roll_call_votes/vote1162/vote_116_2_00179.htm,Confirmed 55-41,
116,2,Todd Wallace Robinson,U.S. District Judge for the Southern District of California,PN1538,,,2020-09-16,https://www.senate.gov/legislative/LIS/roll_call_votes/vote1162/vote_116_2_00176.htm,Confirmed 86-10,
116,2,Iain D. Johnston,U.S. District Judge for the Northern District of Illinois,PN1508,,,2020-09-17,https://www.senate.gov/legislative/LIS/roll_call_votes/vote1162/vote_116_2_00183.htm,Confirmed 77-14,
116,2,Franklin Ulyses Valderrama,U.S. District Judge for the Northern District of Illinois,PN1510,,,2020-09-17,https://www.senate.gov/legislative/LIS/roll_call_votes/vote1162/vote_116_2_00182.htm,Confirmed 68-26,
116,2,Keith E. Sonderling,Member of the Equal Employment Opportunity Commission,PN1694,,,2020-09-22,https://www.senate.gov/legislative/LIS/roll_call_votes/vote1162/vote_116_2_00189.htm,Confirmed 52-41,
116,2,Andrea R. Lucas,Member of the Equal Employment Opportunity Commission,PN1691,,,2020-09-22,https://www.senate.gov/legislative/LIS/roll_call_votes/vote1162/vote_116_2_00187.htm,Confirmed 49-44,
116,2,Edward Hulvey Meyers,Judge of the U.S. Court of Federal Claims,PN1348,,,2020-09-22,https://www.senate.gov/legislative/LIS/roll_call_votes/vote1162/vote_116_2_00185.htm,Confirmed 66-27,
116,2,Jocelyn Samuels,Member of the Equal Employment Opportunity Commission,PN1693,,,2020-09-23,https://www.senate.gov/legislative/LIS/roll_call_votes/vote1162/vote_116_2_00193.htm,Confirmed 54-42,
116,2,John Charles Hinderaker,U.S. District Judge for the District of Arizona,PN1314,,,2020-09-23,https://www.senate.gov/legislative/LIS/roll_call_votes/vote1162/vote_116_2_00191.htm,Confirmed 70-27,
116,2,Roderick C. Young,United States District Judge for the Eastern District of Virginia,PN1922,,,2020-09-24,https://www.senate.gov/legislative/LIS/roll_call_votes/vote1162/vote_116_2_00194.htm,Confirmed 93-2,
116,2,Michael Jay Newman,U.S. District Judge for the Southern District of Ohio,PN1663,,,2020-10-22,https://www.senate.gov/legislative/LIS/roll_call_votes/vote1162/vote_116_2_00213.htm,Confirmed 67-30,
116,2,Amy Coney Barrett,Associate Justice of the Supreme Court of the United States,PN2252,,,2020-10-26,https://www.senate.gov/legislative/LIS/roll_call_votes/vote1162/vote_116_2_00224.htm,Confirmed 52-48,
116,2,James Ray Knepp II,U.S. District Judge for the Northern District of Ohio,PN1661,,,2020-11-10,https://www.senate.gov/legislative/LIS/roll_call_votes/vote1162/vote_116_2_00226.htm,Confirmed 64-24,
116,2,Aileen Mercedes Cannon,U.S. District Judge for the Southern District of Florida,PN1919,,,2020-11-12,https://www.senate.gov/legislative/LIS/roll_call_votes/vote1162/vote_116_2_00228.htm,Confirmed 56-21,
116,2,Toby Crouse,United States District Judge for the District of Kansas,PN1920,,,2020-11-17,https://www.senate.gov/legislative/LIS/roll_call_votes/vote1162/vote_116_2_00235.htm,Confirmed 50-43,
116,2,Benjamin Joel Beaton,United States District Judge for the Western District of Kentucky,PN2205,,,2020-11-17,https://www.senate.gov/legislative/LIS/roll_call_votes/vote1162/vote_116_2_00232.htm,Confirmed 52-44,
116,2,Kristi Haskins Johnson,U.S. District Judge for the Southern District of Mississippi,PN1742,,,2020-11-17,https://www.senate.gov/legislative/LIS/roll_call_votes/vote1162/vote_116_2_00230.htm,Confirmed 53-43,
116,2,Kathryn Kimball Mizelle,United States District Judge for the Middle District of Florida,PN2208,,,2020-11-18,https://www.senate.gov/legislative/LIS/roll_call_votes/vote1162/vote_116_2_00239.htm,Confirmed 49-41,
116,2,Stephen A. Vaden,Judge of the United States Court of International Trade,PN1328,,,2020-11-18,https://www.senate.gov/legislative/LIS/roll_call_votes/vote1162/vote_116_2_00237.htm,Confirmed 49-43,
116,2,J. Philip Calabrese,U.S. District Judge for the Northern District of Ohio,PN1660,,,2020-12-01,https://www.senate.gov/legislative/LIS/roll_call_votes/vote1162/vote_116_2_00243.htm,Confirmed 58-35,
116,2,Taylor B. McNeel,U.S. District Judge for the Southern District of Mississippi,PN2094,,,2020-12-01,https://www.senate.gov/legislative/LIS/roll_call_votes/vote1162/vote_116_2_00241.htm,Confirmed 53-39,
116,2,Kathryn C. Davis,Judge of the U.S. Court of Federal Claims,PN1433,,,2020-12-02,https://www.senate.gov/legislative/LIS/roll_call_votes/vote1162/vote_116_2_00248.htm,Confirmed 51-45,
116,2,Kyle Hauptman,Member of the National Credit Union Administration Board,PN2023,,,2020-12-02,https://www.senate.gov/legislative/LIS/roll_call_votes/vote1162/vote_116_2_00245.htm,Confirmed 56-39,
116,2,Liam P. Hardy,Judge of the United States Court of Appeals for the Armed Forces,PN1913,,,2020-12-03,https://www.senate.gov/legislative/LIS/roll_call_votes/vote1162/vote_116_2_00253.htm,Confirmed 59-34,
116,2,Christopher Waller,Member of the Board of Governors of the Federal Reserve System,PN1423,,,2020-12-03,https://www.senate.gov/legislative/LIS/roll_call_votes/vote1162/vote_116_2_00251.htm,Confirmed 48-47,
116,2,Nathan A. Simington,Member of the Federal Communications Commission,PN2239,,,2020-12-08,https://www.senate.gov/legislative/LIS/roll_call_votes/vote1162/vote_116_2_00257.htm,Confirmed 49-46,
116,2,Stephen Sidney Schwartz,Judge of the United States Court of Federal Claims,PN1384,,,2020-12-08,https://www.senate.gov/legislative/LIS/roll_call_votes/vote1162/vote_116_2_00256.htm,Confirmed 49-47,
116,2,Sean J. Cooksey,Member of the Federal Election Commission,PN2303,,,2020-12-09,https://www.senate.gov/legislative/LIS/roll_call_votes/vote1162/vote_116_2_00260.htm,Confirmed 50-46,
116,2,Shana M. Broussard,Member of the Federal Election Commission,PN2302,,,2020-12-09,https://www.senate.gov/legislative/LIS/roll_call_votes/vote1162/vote_116_2_00259.htm,Confirmed 92-4,
116,2,Allen Dickerson,Member of the Federal Election Commission,PN2237,,,2020-12-09,https://www.senate.gov/legislative/LIS/roll_call_votes/vote1162/vote_116_2_00258.htm,Confirmed 49-47,
116,2,Thomas L. Kirsch II,U.S. Circuit Judge for the Seventh Circuit,PN2333,,,2020-12-15,https://www.senate.gov/legislative/LIS/roll_call_votes/vote1162/vote_116_2_00266.htm,Confirmed 51-44,
116,2,Joseph Dawson III,U.S. District Judge for the District of South Carolina,PN2294,,,2020-12-16,https://www.senate.gov/legislative/LIS/roll_call_votes/vote1162/vote_116_2_00270.htm,Confirmed 56-39,
116,2,Katherine A. Crytzer,U.S. District Judge for the Eastern District of Tennessee,PN2247,,,2020-12-16,https://www.senate.gov/legislative/LIS/roll_call_votes/vote1162/vote_116_2_00268.htm,Confirmed 48-47,
116,2,Zachary N. Somers,Judge of the U.S. Court of Federal Claims,PN2209,,,2020-12-17,https://www.senate.gov/legislative/LIS/roll_call_votes/vote1162/vote_116_2_00274.htm,Confirmed 52-43,
116,2,"Charles Edward Atchley, Jr.",U.S. District Judge for the Eastern District of Tennessee,PN2246,,,2020-12-17,https://www.senate.gov/legislative/LIS/roll_call_votes/vote1162/vote_116_2_00272.htm,Confirmed 54-41,
116,2,Beth Harwell,Member of the Board of Directors of the Tennessee Valley Authority,PN1609,,,2020-12-19,https://www.senate.gov/legislative/LIS/roll_call_votes/vote1162/vote_116_2_00280.htm,Confirmed 59-25,
116,2,Thompson Michael Dietz,Judge of the U.S. Court of Federal Claims,PN2093,,,2020-12-19,https://www.senate.gov/legislative/LIS/roll_call_votes/vote1162/vote_116_2_00276.htm,Confirmed 51-36,
116,2,Fernando L. Aenlle-Rocha,U.S. District Judge for the Central District of California,PN1380,,,2020-12-20,https://www.senate.gov/legislative/LIS/roll_call_votes/vote1162/vote_116_2_00284.htm,Confirmed 80-8,
116,2,Brian Noland,Member of the Board of Directors of the Tennessee Valley Authority,PN1610,,,2020-12-20,https://www.senate.gov/legislative/LIS/roll_call_votes/vote1162/vote_116_2_00282.htm,Confirmed 84-5,
116,2,Eric J. Soskin,"Inspector General, Department of Transportation",PN2029,,,2020-12-21,https://www.senate.gov/legislative/LIS/roll_call_votes/vote1162/vote_116_2_00288.htm,Confirmed 48-47,
117,1,Avril Danica Haines,Director of National Intelligence,PN78-10,2021-01-20,https://www.congress.gov/nomination/117th-congress/78,2021-01-20,https://www.senate.gov/legislative/LIS/roll_call_votes/vote1171/vote_117_1_00003.htm,Confirmed 84-10,
117,1,Lloyd James Austin,Secretary of Defense,PN78-1,2021-01-20,https://www.congress.gov/nomination/117th-congress/78,2021-01-22,https://www.senate.gov/legislative/LIS/roll_call_votes/vote1171/vote_117_1_00005.htm,Confirmed 93-2,
117,1,Janet Louise Yellen,Secretary of the Treasury,PN78-24,2021-01-20,https://www.congress.gov/nomination/117th-congress/78,2021-01-25,https://www.senate.gov/legislative/LIS/roll_call_votes/vote1171/vote_117_1_00006.htm,Confirmed 84-15,
117,1,Antony John Blinken,Secretary of State,PN78-3,2021-01-20,https://www.congress.gov/nomination/117th-congress/78,2021-01-26,https://www.senate.gov/legislative/LIS/roll_call_votes/vote1171/vote_117_1_00007.htm,Confirmed 78-22,
117,1,Alejandro Nicholas Mayorkas,Secretary of Homeland Security,PN78-13,2021-01-20,https://www.congress.gov/nomination/117th-congress/78,2021-02-02,https://www.senate.gov/legislative/LIS/roll_call_votes/vote1171/vote_117_1_00012.htm,Confirmed 56-43,
117,1,Peter Paul Montgomery Buttigieg,Secretary of Transportation,PN78-4,2021-01-20,https://www.congress.gov/nomination/117th-congress/78,2021-02-02,https://www.senate.gov/legislative/LIS/roll_call_votes/vote1171/vote_117_1_00011.htm,Confirmed 86-13,
117,1,Denis Richard McDonough,Secretary of Veterans Affairs,PN78-14,2021-01-20,https://www.congress.gov/nomination/117th-congress/78,2021-02-08,https://www.senate.gov/legislative/LIS/roll_call_votes/vote1171/vote_117_1_00055.htm,Confirmed 87-7,
117,1,Linda Thomas-Greenfield,Representative of the United States of America to the Sessions of the General Assembly of the United Nations,PN78-21,2021-01-20,https://www.congress.gov/nomination/117th-congress/78,2021-02-23,https://www.senate.gov/legislative/LIS/roll_call_votes/vote1171/vote_117_1_00064.htm,Confirmed 78-21,
117,1,Thomas J. Vilsack,Secretary of Agriculture,PN78-22,2021-01-20,https://www.congress.gov/nomination/117th-congress/78,2021-02-23,https://www.senate.gov/legislative/LIS/roll_call_votes/vote1171/vote_117_1_00063.htm,Confirmed 92-7,
117,1,Linda Thomas-Greenfield,Representative of the United States of America to the United Nations and the Representative of the United States of America in the Security Council of the United Nations,PN78-20,2021-01-20,https://www.congress.gov/nomination/117th-congress/78,2021-02-23,https://www.senate.gov/legislative/LIS/roll_call_votes/vote1171/vote_117_1_00061.htm,Confirmed 78-20,
117,1,Jennifer Mulhern Granholm,Secretary of Energy,PN78-8,2021-01-20,https://www.congress.gov/nomination/117th-congress/78,2021-02-25,https://www.senate.gov/legislative/LIS/roll_call_votes/vote1171/vote_117_1_00066.htm,Confirmed 64-35,
117,1,Miguel A. Cardona,Secretary of Education,PN78-5,2021-01-20,https://www.congress.gov/nomination/117th-congress/78,2021-03-01,https://www.senate.gov/legislative/LIS/roll_call_votes/vote1171/vote_117_1_00068.htm,Confirmed 64-33,
117,1,Cecilia Elena Rouse,Chairman of the Council of Economic Advisers,PN78-17,2021-01-20,https://www.congress.gov/nomination/117th-congress/78,2021-03-02,https://www.senate.gov/legislative/LIS/roll_call_votes/vote1171/vote_117_1_00072.htm,Confirmed 95-4,Tomas J
117,1,Gina Marie Raimondo,Secretary of Commerce,PN78-15,2021-01-20,https://www.congress.gov/nomination/117th-congress/78,2021-03-02,https://www.senate.gov/legislative/LIS/roll_call_votes/vote1171/vote_117_1_00070.htm,Confirmed 84-15,
117,1,Michael Stanley Regan,Administrator of the Environmental Protection Agency,PN78-16,2021-01-20,https://www.congress.gov/nomination/117th-congress/78,2021-03-10,https://www.senate.gov/legislative/LIS/roll_call_votes/vote1171/vote_117_1_00116.htm,Confirmed 66-34,Andrew Wheeler
117,1,Merrick Brian Garland,Attorney General,PN78-7,2021-01-20,https://www.congress.gov/nomination/117th-congress/78,2021-03-10,https://www.senate.gov/legislative/LIS/roll_call_votes/vote1171/vote_117_1_00114.htm,Confirmed 70-30,
117,1,Marcia Louise Fudge,Secretary of Housing and Urban Development,PN78-6,2021-01-20,https://www.congress.gov/nomination/117th-congress/78,2021-03-10,https://www.senate.gov/legislative/LIS/roll_call_votes/vote1171/vote_117_1_00113.htm,Confirmed 66-34,
117,1,Debra Anne Haaland,Secretary of the Interior,PN78-11,2021-01-20,https://www.congress.gov/nomination/117th-congress/78,2021-03-15,https://www.senate.gov/legislative/LIS/roll_call_votes/vote1171/vote_117_1_00119.htm,Confirmed 51-40,
117,1,Isabella Casillas Guzman,Administrator of the Small Business Administration,PN78-9,2021-01-20,https://www.congress.gov/nomination/117th-congress/78,2021-03-16,https://www.senate.gov/legislative/LIS/roll_call_votes/vote1171/vote_117_1_00121.htm,Confirmed 81-17,
117,1,Katherine C. Tai,United States Trade Representative,PN78-18,2021-01-20,https://www.congress.gov/nomination/117th-congress/78,2021-03-17,https://www.senate.gov/legislative/LIS/roll_call_votes/vote1171/vote_117_1_00123.htm,Confirmed 98-0,
117,1,Xavier Becerra,Secretary of Health and Human Services,PN78-2,2021-01-20,https://www.congress.gov/nomination/117th-congress/78,2021-03-18,https://www.senate.gov/legislative/LIS/roll_call_votes/vote1171/vote_117_1_00125.htm,Confirmed 50-49,
117,1,Martin Joseph Walsh,Secretary of Labor,PN78-23,2021-01-20,https://www.congress.gov/nomination/117th-congress/78,2021-03-22,https://www.senate.gov/legislative/LIS/roll_call_votes/vote1171/vote_117_1_00127.htm,Confirmed 68-29,
117,1,Vivek Hallegere Murthy,Medical Director in the Regular Corps and Surgeon General of the Public Health Service,PN79-11,2021-01-20,https://www.congress.gov/nomination/117th-congress/79,2021-03-23,https://www.senate.gov/legislative/LIS/roll_call_votes/vote1171/vote_117_1_00131.htm,Confirmed 57-43,Jerome Adams
117,1,Shalanda D. Young,Deputy Director of the Office of Management and Budget,PN79-13,2021-01-20,https://www.congress.gov/nomination/117th-congress/79,2021-03-23,https://www.senate.gov/legislative/LIS/roll_call_votes/vote1171/vote_117_1_00129.htm,Confirmed 63-37,Derek Kan
117,1,David Turk,Deputy Secretary of Energy,PN118,2021-02-13,https://www.congress.gov/nomination/117th-congress/118,2021-03-24,https://www.senate.gov/legislative/LIS/roll_call_votes/vote1171/vote_117_1_00135.htm,Confirmed 98-2,Mark Wesley Menezes
117,1,Rachel Leland Levine,Assistant Secretary of Health and Human Services,PN121,2021-02-13,https://www.congress.gov/nomination/117th-congress/121,2021-03-24,https://www.senate.gov/legislative/LIS/roll_call_votes/vote1171/vote_117_1_00134.htm,Confirmed 52-48,Brett Giroir
117,1,Wendy Ruth Sherman,Deputy Secretary of State,PN79-12,2021-01-20,https://www.congress.gov/nomination/117th-congress/79,2021-04-13,https://www.senate.gov/legislative/LIS/roll_call_votes/vote1171/vote_117_1_00146.htm,Confirmed 56-42,Stephen E
117,1,Polly Ellen Trottenberg,Deputy Secretary of Transportation,PN117,2021-02-13,https://www.congress.gov/nomination/117th-congress/117,2021-04-13,https://www.senate.gov/legislative/LIS/roll_call_votes/vote1171/vote_117_1_00144.htm,Confirmed 82-15,Jeffrey A
117,1,Brenda Mallory,Member of the Council on Environmental Quality,PN79-7,2021-01-20,https://www.congress.gov/nomination/117th-congress/79,2021-04-14,https://www.senate.gov/legislative/LIS/roll_call_votes/vote1171/vote_117_1_00150.htm,Confirmed 53-45,Mary Bridget Neumayr
117,1,Gary Gensler,Member of the Securities and Exchange Commission,PN80,2021-02-03,https://www.congress.gov/nomination/117th-congress/80,2021-04-14,https://www.senate.gov/legislative/LIS/roll_call_votes/vote1171/vote_117_1_00148.htm,Confirmed 53-45,Jay Clayton
117,1,Lisa O. Monaco,Deputy Attorney General,PN79-10,2021-01-20,https://www.congress.gov/nomination/117th-congress/79,2021-04-20,https://www.senate.gov/legislative/LIS/roll_call_votes/vote1171/vote_117_1_00158.htm,Confirmed 98-2,Jeffrey A
117,1,Gary Gensler,Member of the Securities and Exchange Commission,PN81,2021-02-03,https://www.congress.gov/nomination/117th-congress/81,2021-04-20,https://www.senate.gov/legislative/LIS/roll_call_votes/vote1171/vote_117_1_00157.htm,Confirmed 54-45,
117,1,Vanita Gupta,Associate Attorney General,PN79-4,2021-01-20,https://www.congress.gov/nomination/117th-congress/79,2021-04-21,https://www.senate.gov/legislative/LIS/roll_call_votes/vote1171/vote_117_1_00160.htm,Confirmed 51-49,Rachel L
117,1,Colin Hackett Kahl,Under Secretary of Defense for Policy,PN79-6,2021-01-20,https://www.congress.gov/nomination/117th-congress/79,2021-04-27,https://www.senate.gov/legislative/LIS/roll_call_votes/vote1171/vote_117_1_00171.htm,Confirmed 49-45,John C
117,1,Janet Garvin McCabe,Deputy Administrator of the Environmental Protection Agency,PN79-8,2021-01-20,https://www.congress.gov/nomination/117th-congress/79,2021-04-27,https://www.senate.gov/legislative/LIS/roll_call_votes/vote1171/vote_117_1_00169.htm,Confirmed 52-42,Andrew Wheeler
117,1,Jason Scott Miller,"Deputy Director for Management, Office of Management and Budget",PN79-9,2021-01-20,https://www.congress.gov/nomination/117th-congress/79,2021-04-27,https://www.senate.gov/legislative/LIS/roll_call_votes/vote1171/vote_117_1_00167.htm,Confirmed 81-13,Margaret Weichert
117,1,Samantha Power,Administrator of the United States Agency for International Development,PN114,2021-02-04,https://www.congress.gov/nomination/117th-congress/114,2021-04-28,https://www.senate.gov/legislative/LIS/roll_call_votes/vote1171/vote_117_1_00174.htm,Confirmed 68-26,Mark Andrew Green
117,1,Cynthia Minette Marten,Deputy Secretary of Education,PN128,2021-02-22,https://www.congress.gov/nomination/117th-congress/128,2021-05-11,https://www.senate.gov/legislative/LIS/roll_call_votes/vote1171/vote_117_1_00182.htm,Confirmed 54-44,Mitchell Zais
117,1,Andrea Joan Palm,Deputy Secretary of Health and Human Services,PN125,2021-02-22,https://www.congress.gov/nomination/117th-congress/125,2021-05-11,https://www.senate.gov/legislative/LIS/roll_call_votes/vote1171/vote_117_1_00180.htm,Confirmed 61-37,Eric D
117,1,Ronald Stroman,Governor of the United States Postal Service,PN245,2021-03-15,https://www.congress.gov/nomination/117th-congress/245,2021-05-12,https://www.senate.gov/legislative/LIS/roll_call_votes/vote1171/vote_117_1_00188.htm,Confirmed 66-32,
117,1,Ronald Stroman,Governor of the United States Postal Service,PN246,2021-03-15,https://www.congress.gov/nomination/117th-congress/246,2021-05-12,https://www.senate.gov/legislative/LIS/roll_call_votes/vote1171/vote_117_1_00186.htm,Confirmed 69-30,Ellen C
117,1,"Donet Dominic Graves, Jr.",Deputy Secretary of Commerce,PN79-3,2021-01-20,https://www.congress.gov/nomination/117th-congress/79,2021-05-13,https://www.senate.gov/legislative/LIS/roll_call_votes/vote1171/vote_117_1_00191.htm,Confirmed 89-7,Karen Dunn Kelley
117,1,Amber Faye McReynolds,Governor of the United States Postal Service,PN244,2021-03-15,https://www.congress.gov/nomination/117th-congress/244,2021-05-13,https://www.senate.gov/legislative/LIS/roll_call_votes/vote1171/vote_117_1_00190.htm,Confirmed 59-38,David Williams
117,1,Kristen M. Clarke,Assistant Attorney General,PN79-2,2021-01-20,https://www.congress.gov/nomination/117th-congress/79,2021-05-25,https://www.senate.gov/legislative/LIS/roll_call_votes/vote1171/vote_117_1_00203.htm,Confirmed 51-48,Eric S
117,1,Chiquita Brooks-LaSure,Administrator of the Centers for Medicare and Medicaid Services,PN124,2021-02-22,https://www.congress.gov/nomination/117th-congress/124,2021-05-25,https://www.senate.gov/legislative/LIS/roll_call_votes/vote1171/vote_117_1_00201.htm,Confirmed 55-44,Seema Verma
117,1,Regina M. Rodriguez,U.S. District Judge for the District of Colorado,PN395,2021-04-19,https://www.congress.gov/nomination/117th-congress/395,2021-06-08,https://www.senate.gov/legislative/LIS/roll_call_votes/vote1171/vote_117_1_00222.htm,Confirmed 72-28,Marcia S
117,1,Julien Xavier Neals,U.S. District Judge for the District of New Jersey,PN393,2021-04-19,https://www.congress.gov/nomination/117th-congress/393,2021-06-08,https://www.senate.gov/legislative/LIS/roll_call_votes/vote1171/vote_117_1_00220.htm,Confirmed 66-33,William J
117,1,Zahid N. Quraishi,U.S. District Judge for the District of New Jersey,PN394,2021-04-19,https://www.congress.gov/nomination/117th-congress/394,2021-06-10,https://www.senate.gov/legislative/LIS/roll_call_votes/vote1171/vote_117_1_00230.htm,Confirmed 81-16,Peter G
117,1,Ketanji Brown Jackson,U.S. Circuit Judge for the District of Columbia Circuit,PN391,2021-04-19,https://www.congress.gov/nomination/117th-congress/391,2021-06-14,https://www.senate.gov/legislative/LIS/roll_call_votes/vote1171/vote_117_1_00231.htm,Confirmed 53-44,Merrick B
117,1,Lina M. Khan,Federal Trade Commissioner,PN254,2021-03-24,https://www.congress.gov/nomination/117th-congress/254,2021-06-15,https://www.senate.gov/legislative/LIS/roll_call_votes/vote1171/vote_117_1_00233.htm,Confirmed 69-28,Joseph Simons
117,1,Lydia Kay Griggsby,U.S. District Judge for the District of Maryland,PN390,2021-04-19,https://www.congress.gov/nomination/117th-congress/390,2021-06-16,https://www.senate.gov/legislative/LIS/roll_call_votes/vote1171/vote_117_1_00237.htm,Confirmed 59-39,Catherine C
117,1,Radhika Fox,Assistant Administrator of the Environmental Protection Agency,PN444,2021-04-27,https://www.congress.gov/nomination/117th-congress/444,2021-06-16,https://www.senate.gov/legislative/LIS/roll_call_votes/vote1171/vote_117_1_00236.htm,Confirmed 55-43,David Ross
117,1,John K. Tien,Deputy Secretary of Homeland Security,PN421,2021-04-22,https://www.congress.gov/nomination/117th-congress/421,2021-06-17,https://www.senate.gov/legislative/LIS/roll_call_votes/vote1171/vote_117_1_00241.htm,Confirmed 60-34,Elaine C
117,1,Tommy P. Beaudreau,Deputy Secretary of the Interior,PN363,2021-04-15,https://www.congress.gov/nomination/117th-congress/363,2021-06-17,https://www.senate.gov/legislative/LIS/roll_call_votes/vote1171/vote_117_1_00239.htm,Confirmed 88-9,Katharine MacGregor
117,1,Kiran Arjandas Ahuja,Director of the Office of Personnel Management,PN220,2021-02-24,https://www.congress.gov/nomination/117th-congress/220,2021-06-22,https://www.senate.gov/legislative/LIS/roll_call_votes/vote1171/vote_117_1_00245.htm,Confirmed 50-50,Dale Cabaniss
117,1,Christopher Charles Fonzone,General Counsel of the Office of the Director of National Intelligence,PN249,2021-03-16,https://www.congress.gov/nomination/117th-congress/249,2021-06-22,https://www.senate.gov/legislative/LIS/roll_call_votes/vote1171/vote_117_1_00243.htm,Confirmed 55-45,Jason Klitenic
117,1,Deborah L. Boardman,U.S. District Judge for the District of Maryland,PN388,2021-04-19,https://www.congress.gov/nomination/117th-congress/388,2021-06-23,https://www.senate.gov/legislative/LIS/roll_call_votes/vote1171/vote_117_1_00248.htm,Confirmed 52-48,Richard D
117,1,Candace Jackson-Akiwumi,U.S. Circuit Judge for the Seventh Circuit,PN392,2021-04-19,https://www.congress.gov/nomination/117th-congress/392,2021-06-24,https://www.senate.gov/legislative/LIS/roll_call_votes/vote1171/vote_117_1_00252.htm,Confirmed 53-40,Joel M
117,1,Julie A. Su,Deputy Secretary of Labor,PN122,2021-02-13,https://www.congress.gov/nomination/117th-congress/122,2021-07-13,https://www.senate.gov/legislative/LIS/roll_call_votes/vote1171/vote_117_1_00256.htm,Confirmed 50-47,Patrick Pizzella
117,1,Uzra Zeya,"Under Secretary of State (Civilian Security, Democracy, and Human Rights)",PN241,2021-03-09,https://www.congress.gov/nomination/117th-congress/241,2021-07-13,https://www.senate.gov/legislative/LIS/roll_call_votes/vote1171/vote_117_1_00254.htm,Confirmed 73-24,Sarah Sewall
117,1,Seema Nanda,Solicitor for the Department of Labor,PN269,2021-04-12,https://www.congress.gov/nomination/117th-congress/269,2021-07-14,https://www.senate.gov/legislative/LIS/roll_call_votes/vote1171/vote_117_1_00261.htm,Confirmed 53-46,Kate S
117,1,Jocelyn Samuels,Member of the Equal Employment Opportunity Commission,PN271,2021-04-12,https://www.congress.gov/nomination/117th-congress/271,2021-07-14,https://www.senate.gov/legislative/LIS/roll_call_votes/vote1171/vote_117_1_00260.htm,Confirmed 52-47,
117,1,Donald Michael Remy,Deputy Secretary of Veterans Affairs,PN460,2021-04-27,https://www.congress.gov/nomination/117th-congress/460,2021-07-15,https://www.senate.gov/legislative/LIS/roll_call_votes/vote1171/vote_117_1_00265.htm,Confirmed 91-8,James Byrne
117,1,J. Nellie Liang,Under Secretary of the Treasury,PN414,2021-04-22,https://www.congress.gov/nomination/117th-congress/414,2021-07-15,https://www.senate.gov/legislative/LIS/roll_call_votes/vote1171/vote_117_1_00264.htm,Confirmed 72-27,Mary John Miller
117,1,Tiffany P. Cunningham,United States Circuit Judge for the Federal Circuit,PN389,2021-04-19,https://www.congress.gov/nomination/117th-congress/389,2021-07-19,https://www.senate.gov/legislative/LIS/roll_call_votes/vote1171/vote_117_1_00267.htm,Confirmed 63-33,
117,1,"Kenneth Allen Polite, Jr.",Assistant Attorney General,PN423,2021-04-22,https://www.congress.gov/nomination/117th-congress/423,2021-07-20,https://www.senate.gov/legislative/LIS/roll_call_votes/vote1171/vote_117_1_00270.htm,Confirmed 56-44,Brian Allen Benczkowski
117,1,Bonnie D. Jenkins,Under Secretary of State for Arms Control and International Security,PN242,2021-03-15,https://www.congress.gov/nomination/117th-congress/242,2021-07-21,https://www.senate.gov/legislative/LIS/roll_call_votes/vote1171/vote_117_1_00275.htm,Confirmed 52-48,Andrea L
117,1,Jennifer Ann Abruzzo,General Counsel of the National Labor Relations Board,PN126,2021-02-22,https://www.congress.gov/nomination/117th-congress/126,2021-07-21,https://www.senate.gov/legislative/LIS/roll_call_votes/vote1171/vote_117_1_00273.htm,Confirmed 50-50,Peter B
117,1,Jill Hruby,"Under Secretary for Nuclear Security, Department of Energy",PN401,2021-04-22,https://www.congress.gov/nomination/117th-congress/401,2021-07-22,https://www.senate.gov/legislative/LIS/roll_call_votes/vote1171/vote_117_1_00277.htm,Confirmed 79-16,Lisa Gordon-Hagerty
117,1,Todd Sunhwae Kim,Assistant Attorney General,PN250,2021-03-16,https://www.congress.gov/nomination/117th-congress/250,2021-07-27,https://www.senate.gov/legislative/LIS/roll_call_votes/vote1171/vote_117_1_00279.htm,Confirmed 58-41,Jeffrey Bossert Clark
117,1,David M. Prouty,Member of the National Labor Relations Board,PN739,2021-06-23,https://www.congress.gov/nomination/117th-congress/739,2021-07-28,https://www.senate.gov/legislative/LIS/roll_call_votes/vote1171/vote_117_1_00284.htm,Confirmed 53-46,William J
117,1,Gwynne A. Wilcox,Member of the National Labor Relations Board,PN609,2021-05-27,https://www.congress.gov/nomination/117th-congress/609,2021-07-28,https://www.senate.gov/legislative/LIS/roll_call_votes/vote1171/vote_117_1_00282.htm,Confirmed 52-47,Mark Gaston Pearce
117,1,Ur Mendoza Jaddou,"Director of the United States Citizenship and Immigration Services, Department of Homeland Security",PN369,2021-04-15,https://www.congress.gov/nomination/117th-congress/369,2021-07-30,https://www.senate.gov/legislative/LIS/roll_call_votes/vote1171/vote_117_1_00290.htm,Confirmed 47-34,Lee Francis Cissna
117,1,Eunice C. Lee,U.S. Circuit Judge for the Second Circuit,PN569,2021-05-12,https://www.congress.gov/nomination/117th-congress/569,2021-08-07,https://www.senate.gov/legislative/LIS/roll_call_votes/vote1171/vote_117_1_00310.htm,Confirmed 50-47,Robert A
117,1,Angel Kelley,U.S. District Judge for the District of Massachusetts,PN567,2021-05-12,https://www.congress.gov/nomination/117th-congress/567,2021-09-14,https://www.senate.gov/legislative/LIS/roll_call_votes/vote1171/vote_117_1_00364.htm,Confirmed 52-44,Douglas P
117,1,David G. Estudillo,U.S. District Judge for the Western District of Washington,PN562,2021-04-29,https://www.congress.gov/nomination/117th-congress/562,2021-09-14,https://www.senate.gov/legislative/LIS/roll_call_votes/vote1171/vote_117_1_00362.htm,Confirmed 54-41,Ronald B
117,1,James Richard Kvaal,Under Secretary of Education,PN127,2021-02-22,https://www.congress.gov/nomination/117th-congress/127,2021-09-14,https://www.senate.gov/legislative/LIS/roll_call_votes/vote1171/vote_117_1_00360.htm,Confirmed 58-37,Theodore Reed Mitchell
117,1,Veronica S. Rossman,U.S. Circuit Judge for the Tenth Circuit,PN570,2021-05-12,https://www.congress.gov/nomination/117th-congress/570,2021-09-20,https://www.senate.gov/legislative/LIS/roll_call_votes/vote1171/vote_117_1_00366.htm,Confirmed 50-42,Carlos F
117,1,Margaret Irene Strickland,U.S. District Judge for the District of New Mexico,PN396,2021-04-19,https://www.congress.gov/nomination/117th-congress/396,2021-09-21,https://www.senate.gov/legislative/LIS/roll_call_votes/vote1171/vote_117_1_00368.htm,Confirmed 52-45,Robert C
117,1,Jayme Ray White,Deputy U.S. Trade Representative,PN630,2021-06-09,https://www.congress.gov/nomination/117th-congress/630,2021-09-22,https://www.senate.gov/legislative/LIS/roll_call_votes/vote1171/vote_117_1_00373.htm,Confirmed 80-18,Michael N
117,1,Lily Lawrence Batchelder,Assistant Secretary of the Treasury,PN365,2021-04-15,https://www.congress.gov/nomination/117th-congress/365,2021-09-22,https://www.senate.gov/legislative/LIS/roll_call_votes/vote1171/vote_117_1_00372.htm,Confirmed 64-34,David J
117,1,Daniel J. Kritenbrink,Assistant Secretary of State (East Asian and Pacific Affairs),PN494,2021-04-28,https://www.congress.gov/nomination/117th-congress/494,2021-09-23,https://www.senate.gov/legislative/LIS/roll_call_votes/vote1171/vote_117_1_00379.htm,Confirmed 72-14,David Stilwell
117,1,Sarah Bianchi,Deputy United States Trade Representative,PN607,2021-05-27,https://www.congress.gov/nomination/117th-congress/607,2021-09-23,https://www.senate.gov/legislative/LIS/roll_call_votes/vote1171/vote_117_1_00377.htm,Confirmed 85-11,Jeffrey Gerrish
117,1,Florence Y. Pan,U.S. District Judge for the District of Columbia,PN642,2021-06-15,https://www.congress.gov/nomination/117th-congress/642,2021-09-23,https://www.senate.gov/legislative/LIS/roll_call_votes/vote1171/vote_117_1_00375.htm,Confirmed 68-30,
117,1,Todd D. Robinson,Assistant Secretary of State (International Narcotics and Law Enforcement Affairs),PN447,2021-04-27,https://www.congress.gov/nomination/117th-congress/447,2021-09-28,https://www.senate.gov/legislative/LIS/roll_call_votes/vote1171/vote_117_1_00389.htm,Confirmed 53-41,Kirsten Dawn Madison
117,1,Mary Catherine Phee,Assistant Secretary of State (African Affairs),PN545,2021-04-29,https://www.congress.gov/nomination/117th-congress/545,2021-09-28,https://www.senate.gov/legislative/LIS/roll_call_votes/vote1171/vote_117_1_00388.htm,Confirmed 67-31,
117,1,Monica P. Medina,Assistant Secretary of State for Oceans and International Environmental and Scientific Affairs,PN446,2021-04-27,https://www.congress.gov/nomination/117th-congress/446,2021-09-28,https://www.senate.gov/legislative/LIS/roll_call_votes/vote1171/vote_117_1_00387.htm,Confirmed 61-36,Kerri-Ann Jones
117,1,Karen Erika Donfried,Assistant Secretary of State (European Affairs and Eurasian Affairs),PN548,2021-04-29,https://www.congress.gov/nomination/117th-congress/548,2021-09-28,https://www.senate.gov/legislative/LIS/roll_call_votes/vote1171/vote_117_1_00386.htm,Confirmed 73-26,A
117,1,Robert T. Anderson,Solicitor of the Department of the Interior,PN265,2021-04-12,https://www.congress.gov/nomination/117th-congress/265,2021-09-29,https://www.senate.gov/legislative/LIS/roll_call_votes/vote1171/vote_117_1_00393.htm,Confirmed 53-44,Daniel Habib Jorjani
117,1,Jessica Lewis,Assistant Secretary of State (Political-Military Affairs),PN550,2021-04-29,https://www.congress.gov/nomination/117th-congress/550,2021-09-29,https://www.senate.gov/legislative/LIS/roll_call_votes/vote1171/vote_117_1_00390.htm,Confirmed 70-27,R
117,1,Tracy Stone-Manning,Director of the Bureau of Land Management,PN443,2021-04-27,https://www.congress.gov/nomination/117th-congress/443,2021-09-30,https://www.senate.gov/legislative/LIS/roll_call_votes/vote1171/vote_117_1_00401.htm,Confirmed 50-45,Neil Gregory Kornze
117,1,Rohit Chopra,"Director, Bureau of Consumer Financial Protection",PN116,2021-02-13,https://www.congress.gov/nomination/117th-congress/116,2021-09-30,https://www.senate.gov/legislative/LIS/roll_call_votes/vote1171/vote_117_1_00399.htm,Confirmed 50-48,Kathleen Laura Kraninger
117,1,Jonathan Eugene Meyer,"General Counsel, Department of Homeland Security",PN560,2021-04-29,https://www.congress.gov/nomination/117th-congress/560,2021-10-04,https://www.senate.gov/legislative/LIS/roll_call_votes/vote1171/vote_117_1_00403.htm,Confirmed 51-47,John Marshall Mitnick
117,1,Lauren J. King,United States District Judge for the Western District of Washington,PN568,2021-05-12,https://www.congress.gov/nomination/117th-congress/568,2021-10-05,https://www.senate.gov/legislative/LIS/roll_call_votes/vote1171/vote_117_1_00407.htm,Confirmed 55-44,Robert S
117,1,Paloma Adams-Allen,Deputy Administrator of the United States Agency for International Development,PN634,2021-06-15,https://www.congress.gov/nomination/117th-congress/634,2021-10-05,https://www.senate.gov/legislative/LIS/roll_call_votes/vote1171/vote_117_1_00405.htm,Confirmed 79-20,Bonnie Glick
117,1,Sarah A.L. Merriam,U.S. District Judge for the District of Connecticut,PN640,2021-06-15,https://www.congress.gov/nomination/117th-congress/640,2021-10-06,https://www.senate.gov/legislative/LIS/roll_call_votes/vote1171/vote_117_1_00409.htm,Confirmed 54-46,Janet C
117,1,Gustavo A. Gelpi,U.S. Circuit Judge for the First Circuit,PN566,2021-05-12,https://www.congress.gov/nomination/117th-congress/566,2021-10-18,https://www.senate.gov/legislative/LIS/roll_call_votes/vote1171/vote_117_1_00414.htm,Confirmed 52-41,Juan R
117,1,Christine P. O'Hearn,U.S. District Judge for the District of New Jersey,PN561,2021-04-29,https://www.congress.gov/nomination/117th-congress/561,2021-10-19,https://www.senate.gov/legislative/LIS/roll_call_votes/vote1171/vote_117_1_00416.htm,Confirmed 53-44,Robert B
117,1,Catherine Elizabeth Lhamon,"Assistant Secretary for Civil Rights, Department of Education",PN572,2021-05-13,https://www.congress.gov/nomination/117th-congress/572,2021-10-20,https://www.senate.gov/legislative/LIS/roll_call_votes/vote1171/vote_117_1_00419.htm,Confirmed 50-50,Kenneth L
117,1,Tana Lin,U.S. District Judge for the Western District of Washington,PN563,2021-04-29,https://www.congress.gov/nomination/117th-congress/563,2021-10-21,https://www.senate.gov/legislative/LIS/roll_call_votes/vote1171/vote_117_1_00424.htm,Confirmed 52-45,Marsha J
117,1,Myrna Perez,U.S. Circuit Judge for the Second Circuit,PN643,2021-06-15,https://www.congress.gov/nomination/117th-congress/643,2021-10-25,https://www.senate.gov/legislative/LIS/roll_call_votes/vote1171/vote_117_1_00426.htm,Confirmed 48-43,Denny Chin
117,1,Douglas L. Parker,Assistant Secretary of Labor,PN270,2021-04-12,https://www.congress.gov/nomination/117th-congress/270,2021-10-25,https://www.senate.gov/legislative/LIS/roll_call_votes/vote1171/vote_117_1_00425.htm,Confirmed 50-41,David Morris Michaels
117,1,Patricia Tolliver Giles,U.S. District Judge for the Eastern District of Virginia,PN808,2021-07-13,https://www.congress.gov/nomination/117th-congress/808,2021-10-26,https://www.senate.gov/legislative/LIS/roll_call_votes/vote1171/vote_117_1_00434.htm,Confirmed 68-27,Liam O'Grady
117,1,Karen McGlashan Williams,U.S. District Judge for the District of New Jersey,PN571,2021-05-12,https://www.congress.gov/nomination/117th-congress/571,2021-10-26,https://www.senate.gov/legislative/LIS/roll_call_votes/vote1171/vote_117_1_00433.htm,Confirmed 56-38,Jerome B
117,1,Jia M. Cobb,U.S. District Judge for the District of Columbia,PN639,2021-06-15,https://www.congress.gov/nomination/117th-congress/639,2021-10-26,https://www.senate.gov/legislative/LIS/roll_call_votes/vote1171/vote_117_1_00432.htm,Confirmed 52-45,Emmet G
117,1,Sarala Vidya Nagala,U.S. District Judge for the District of Connecticut,PN641,2021-06-15,https://www.congress.gov/nomination/117th-congress/641,2021-10-27,https://www.senate.gov/legislative/LIS/roll_call_votes/vote1171/vote_117_1_00436.htm,Confirmed 52-46,Vanessa Lynne Bryant
117,1,Michael S. Nachmanoff,U.S. District Judge for the Eastern District of Virginia,PN803,2021-07-13,https://www.congress.gov/nomination/117th-congress/803,2021-10-27,https://www.senate.gov/legislative/LIS/roll_call_votes/vote1171/vote_117_1_00435.htm,Confirmed 52-46,Anthony John Trenga
117,1,Elizabeth Prelogar,Solicitor General of the United States,PN1045,2021-08-10,https://www.congress.gov/nomination/117th-congress/1045,2021-10-28,https://www.senate.gov/legislative/LIS/roll_call_votes/vote1171/vote_117_1_00446.htm,Confirmed 53-36,Noel J
117,1,Hampton Y. Dellinger,Assistant Attorney General,PN765,2021-06-24,https://www.congress.gov/nomination/117th-congress/765,2021-10-28,https://www.senate.gov/legislative/LIS/roll_call_votes/vote1171/vote_117_1_00445.htm,Confirmed 53-37,Beth Ann Williams
117,1,Christopher H. Schroeder,Assistant Attorney General,PN370,2021-04-15,https://www.congress.gov/nomination/117th-congress/370,2021-10-28,https://www.senate.gov/legislative/LIS/roll_call_votes/vote1171/vote_117_1_00444.htm,Confirmed 56-41,Steven Andrew Engel
117,1,Matthew G. Olsen,Assistant Attorney General,PN610,2021-05-27,https://www.congress.gov/nomination/117th-congress/610,2021-10-28,https://www.senate.gov/legislative/LIS/roll_call_votes/vote1171/vote_117_1_00443.htm,Confirmed 53-45,John C
117,1,Omar Antonio Williams,U.S. District Judge for the District of Connecticut,PN644,2021-06-15,https://www.congress.gov/nomination/117th-congress/644,2021-10-28,https://www.senate.gov/legislative/LIS/roll_call_votes/vote1171/vote_117_1_00442.htm,Confirmed 52-46,Alvin W
117,1,Toby J. Heytens,U.S. Circuit Judge for the Fourth Circuit,PN806,2021-07-13,https://www.congress.gov/nomination/117th-congress/806,2021-11-01,https://www.senate.gov/legislative/LIS/roll_call_votes/vote1171/vote_117_1_00450.htm,Confirmed 53-43,
117,1,Beth Robinson,U.S. Circuit Judge for the Second Circuit,PN998,2021-08-05,https://www.congress.gov/nomination/117th-congress/998,2021-11-01,https://www.senate.gov/legislative/LIS/roll_call_votes/vote1171/vote_117_1_00449.htm,Confirmed 51-45,Peter W
117,1,Jonathan Davidson,Deputy Under Secretary of the Treasury,PN364,2021-04-15,https://www.congress.gov/nomination/117th-congress/364,2021-11-02,https://www.senate.gov/legislative/LIS/roll_call_votes/vote1171/vote_117_1_00456.htm,Confirmed 88-10,Brian McGuire
117,1,Rajesh D. Nayak,Assistant Secretary of Labor,PN453,2021-04-27,https://www.congress.gov/nomination/117th-congress/453,2021-11-03,https://www.senate.gov/legislative/LIS/roll_call_votes/vote1171/vote_117_1_00461.htm,Confirmed 52-45,William E
117,1,Jeffrey M. Prieto,Assistant Administrator of the Environmental Protection Agency,PN540,2021-04-29,https://www.congress.gov/nomination/117th-congress/540,2021-11-03,https://www.senate.gov/legislative/LIS/roll_call_votes/vote1171/vote_117_1_00460.htm,Confirmed 54-44,Matthew Z
117,1,Isobel Coleman,Deputy Administrator of the United States Agency for International Development,PN635,2021-06-15,https://www.congress.gov/nomination/117th-congress/635,2021-11-03,https://www.senate.gov/legislative/LIS/roll_call_votes/vote1171/vote_117_1_00458.htm,Confirmed 59-39,Jenny A
117,1,Benjamin Harris,Assistant Secretary of the Treasury,PN413,2021-04-22,https://www.congress.gov/nomination/117th-congress/413,2021-11-03,https://www.senate.gov/legislative/LIS/roll_call_votes/vote1171/vote_117_1_00457.htm,Confirmed 78-21,Michael Faulkender
117,1,Robert Luis Santos,Director of the Census,PN367,2021-04-15,https://www.congress.gov/nomination/117th-congress/367,2021-11-04,https://www.senate.gov/legislative/LIS/roll_call_votes/vote1171/vote_117_1_00465.htm,Confirmed 58-35,
117,1,Michael Lee Connor,Assistant Secretary of the Army,PN486,2021-04-28,https://www.congress.gov/nomination/117th-congress/486,2021-11-04,https://www.senate.gov/legislative/LIS/roll_call_votes/vote1171/vote_117_1_00463.htm,Confirmed 92-5,R
117,1,Jonathan Kanter,Assistant Attorney General,PN920,2021-07-22,https://www.congress.gov/nomination/117th-congress/920,2021-11-16,https://www.senate.gov/legislative/LIS/roll_call_votes/vote1171/vote_117_1_00470.htm,Confirmed 68-29,Makan Delrahim
117,1,Robert Farrell Bonnie,Under Secretary of Agriculture for Farm Production and Conservation,PN425,2021-04-27,https://www.congress.gov/nomination/117th-congress/425,2021-11-16,https://www.senate.gov/legislative/LIS/roll_call_votes/vote1171/vote_117_1_00469.htm,Confirmed 76-19,William Northey
117,1,Graham Scott Steele,Assistant Secretary of the Treasury,PN916,2021-07-22,https://www.congress.gov/nomination/117th-congress/916,2021-11-16,https://www.senate.gov/legislative/LIS/roll_call_votes/vote1171/vote_117_1_00467.htm,Confirmed 53-42,Bimal Patel
117,1,Brian Eddie Nelson,Under Secretary for Terrorism and Financial Crimes,PN604,2021-05-27,https://www.congress.gov/nomination/117th-congress/604,2021-12-02,https://www.senate.gov/legislative/LIS/roll_call_votes/vote1171/vote_117_1_00474.htm,Confirmed 50-49,Sigal Mandelker
117,1,Chris Magnus,"Commissioner of U.S. Customs and Border Protection, Department of Homeland Security",PN565,2021-05-12,https://www.congress.gov/nomination/117th-congress/565,2021-12-07,https://www.senate.gov/legislative/LIS/roll_call_votes/vote1171/vote_117_1_00483.htm,Confirmed 50-47,Kevin K
117,1,Deirdre Hamilton,Member of the National Mediation Board,PN450,2021-04-27,https://www.congress.gov/nomination/117th-congress/450,2021-12-07,https://www.senate.gov/legislative/LIS/roll_call_votes/vote1171/vote_117_1_00481.htm,Confirmed 52-48,Kyle Fortson
117,1,Jessica Rosenworcel,Member of the Federal Comunications Commission,PN1322,2021-10-28,https://www.congress.gov/nomination/117th-congress/1322,2021-12-07,https://www.senate.gov/legislative/LIS/roll_call_votes/vote1171/vote_117_1_00479.htm,Confirmed 68-31,
117,1,Michael D. Smith,Chief Executive Officer of the Corporation for National and Community Service,PN715,2021-06-17,https://www.congress.gov/nomination/117th-congress/715,2021-12-08,https://www.senate.gov/legislative/LIS/roll_call_votes/vote1171/vote_117_1_00488.htm,Confirmed 58-41,Barbara Stewart
117,1,Lucy Haeran Koh,United States Circuit Judge for the Ninth Circuit,PN1167,2021-09-20,https://www.congress.gov/nomination/117th-congress/1167,2021-12-13,https://www.senate.gov/legislative/LIS/roll_call_votes/vote1171/vote_117_1_00494.htm,Confirmed 50-45,Richard A
117,1,Samantha D. Elliott,U.S. District Judge for the District of New Hampshire,PN1208,2021-09-30,https://www.congress.gov/nomination/117th-congress/1208,2021-12-15,https://www.senate.gov/legislative/LIS/roll_call_votes/vote1171/vote_117_1_00501.htm,Confirmed 62-37,Paul J
117,1,Jennifer Sung,U.S. Circuit Judge for the Ninth Circuit,PN807,2021-07-13,https://www.congress.gov/nomination/117th-congress/807,2021-12-15,https://www.senate.gov/legislative/LIS/roll_call_votes/vote1171/vote_117_1_00500.htm,Confirmed 50-49,
117,1,Rashad Hussain,Ambassador at Large for International Religious Freedom,PN1006,2021-08-09,https://www.congress.gov/nomination/117th-congress/1006,2021-12-16,https://www.senate.gov/legislative/LIS/roll_call_votes/vote1171/vote_117_1_00505.htm,Confirmed 85-5,Samuel Dale Brownback
117,1,Ramin Toloui,"Assistant Secretary of State, Economic and Business Affairs",PN1044,2021-08-10,https://www.congress.gov/nomination/117th-congress/1044,2021-12-16,https://www.senate.gov/legislative/LIS/roll_call_votes/vote1171/vote_117_1_00504.htm,Confirmed 76-13,Manisha Singh
117,1,R. Nicholas Burns,Ambassador to the People's Republic of China,PN1057,2021-09-13,https://www.congress.gov/nomination/117th-congress/1057,2021-12-16,https://www.senate.gov/legislative/LIS/roll_call_votes/vote1171/vote_117_1_00503.htm,Confirmed 75-18,
117,1,Jennifer L. Thurston,U.S. District Judge for the Eastern District of California,PN1172,2021-09-20,https://www.congress.gov/nomination/117th-congress/1172,2021-12-17,https://www.senate.gov/legislative/LIS/roll_call_votes/vote1171/vote_117_1_00521.htm,Confirmed 46-24,Lawrence Joseph O'Neill
117,1,Shalina D. Kumar,U.S. District Judge for the Eastern District of Michigan,PN802,2021-07-13,https://www.congress.gov/nomination/117th-congress/802,2021-12-17,https://www.senate.gov/legislative/LIS/roll_call_votes/vote1171/vote_117_1_00519.htm,Confirmed 44-25,Victoria A
117,1,Jane M. Beckering,U.S. District Judge for the Western District of Michigan,PN801,2021-07-13,https://www.congress.gov/nomination/117th-congress/801,2021-12-17,https://www.senate.gov/legislative/LIS/roll_call_votes/vote1171/vote_117_1_00517.htm,Confirmed 45-25,Janet T
117,1,Maame Ewusi-Mensah Frimpong,U.S. District Judge for the Central District of California,PN1171,2021-09-20,https://www.congress.gov/nomination/117th-congress/1171,2021-12-17,https://www.senate.gov/legislative/LIS/roll_call_votes/vote1171/vote_117_1_00515.htm,Confirmed 46-24,Christina A
117,1,David Herrera Urias,United States District Judge for the District of New Mexico,PN1173,2021-09-20,https://www.congress.gov/nomination/117th-congress/1173,2021-12-17,https://www.senate.gov/legislative/LIS/roll_call_votes/vote1171/vote_117_1_00513.htm,Confirmed 45-26,Martha A
117,1,Jinsook Ohta,U.S. District Judge for the Southern District of California,PN1213,2021-09-30,https://www.congress.gov/nomination/117th-congress/1213,2021-12-17,https://www.senate.gov/legislative/LIS/roll_call_votes/vote1171/vote_117_1_00511.htm,Confirmed 47-24,Barry Ted Moskowitz
117,1,Linda Lopez,U.S. District Judge for the Southern District of California,PN1212,2021-09-30,https://www.congress.gov/nomination/117th-congress/1212,2021-12-17,https://www.senate.gov/legislative/LIS/roll_call_votes/vote1171/vote_117_1_00509.htm,Confirmed 48-25,Roger T
117,1,Atul Atmaram Gawande,Assistant Administrator of the U.S. Agency for International Development,PN874,2021-07-15,https://www.congress.gov/nomination/117th-congress/874,2021-12-17,https://www.senate.gov/legislative/LIS/roll_call_votes/vote1171/vote_117_1_00507.htm,Confirmed 48-31,Alma L
117,1,Rahm Emanuel,Ambassador Extraordinary and Plenipotentiary of the United States of America to Japan,PN1058,2021-09-13,https://www.congress.gov/nomination/117th-congress/1058,2021-12-18,https://www.senate.gov/legislative/LIS/roll_call_votes/vote1171/vote_117_1_00526.htm,Confirmed 48-21,
117,1,Mary Katherine Dimke,U.S. District Judge for the Eastern District of Washington,PN997,2021-08-05,https://www.congress.gov/nomination/117th-congress/997,2021-12-18,https://www.senate.gov/legislative/LIS/roll_call_votes/vote1171/vote_117_1_00525.htm,Confirmed 47-23,
117,1,Katherine Marie Menendez,U.S. District Judge for the District of Minnesota,PN1174,2021-09-20,https://www.congress.gov/nomination/117th-congress/1174,2021-12-18,https://www.senate.gov/legislative/LIS/roll_call_votes/vote1171/vote_117_1_00523.htm,Confirmed 49-21,Joan E
117,2,Anne A. Witkowsky,Assistant Secretary of State (Conflict and Stabilization Operations),PN496,2021-04-28,https://www.congress.gov/nomination/117th-congress/496,2022-01-05,https://www.senate.gov/legislative/LIS/roll_call_votes/vote1172/vote_117_2_00002.htm,Confirmed 61-26,Denise Natali
117,2,Alan Davidson,Assistant Secretary of Commerce for Communications and Information,PN1321,2021-10-28,https://www.congress.gov/nomination/117th-congress/1321,2022-01-11,https://www.senate.gov/legislative/LIS/roll_call_votes/vote1172/vote_117_2_00004.htm,Confirmed 60-31,David J
117,2,Gabriel P. Sanchez,U.S. Circuit Judge for the Ninth Circuit,PN1168,2021-09-20,https://www.congress.gov/nomination/117th-congress/1168,2022-01-12,https://www.senate.gov/legislative/LIS/roll_call_votes/vote1172/vote_117_2_00007.htm,Confirmed 52-47,Marsha L
117,2,Amitabha Bose,Administrator of the Federal Railroad Administration,PN435,2021-04-27,https://www.congress.gov/nomination/117th-congress/435,2022-01-12,https://www.senate.gov/legislative/LIS/roll_call_votes/vote1172/vote_117_2_00006.htm,Confirmed 68-29,Ronald L
117,2,Holly A. Thomas,U.S. Circuit Judge for the Ninth Circuit,PN1169,2021-09-20,https://www.congress.gov/nomination/117th-congress/1169,2022-01-20,https://www.senate.gov/legislative/LIS/roll_call_votes/vote1172/vote_117_2_00011.htm,Confirmed 48-40,William A
117,2,Charles Esque Fleming,U.S. District Judge for the Northern District of Ohio,PN1499,2022-01-03,https://www.congress.gov/nomination/117th-congress/1499,2022-02-01,https://www.senate.gov/legislative/LIS/roll_call_votes/vote1172/vote_117_2_00015.htm,Confirmed 56-42,James S
117,2,Bridget Meehan Brennan,U.S. District Judge for the Northern District of Ohio,PN1494,2022-01-03,https://www.congress.gov/nomination/117th-congress/1494,2022-02-01,https://www.senate.gov/legislative/LIS/roll_call_votes/vote1172/vote_117_2_00013.htm,Confirmed 61-35,Dan A
117,2,Sean C. Staples,Associate Judge of the Superior Court of the District of Columbia,PN800,2021-07-13,https://www.congress.gov/nomination/117th-congress/800,2022-02-02,https://www.senate.gov/legislative/LIS/roll_call_votes/vote1172/vote_117_2_00025.htm,Confirmed 59-38,Lee F
117,2,Kenia Seoane Lopez,Associate Judge of the Superior Court of the District of Columbia,PN638,2021-06-15,https://www.congress.gov/nomination/117th-congress/638,2022-02-02,https://www.senate.gov/legislative/LIS/roll_call_votes/vote1172/vote_117_2_00024.htm,Confirmed 59-38,Ronna Lee Beck
117,2,Rupa Ranga Puttagunta,Associate Judge if the Superior Court of the District of Columbia,PN386,2021-04-19,https://www.congress.gov/nomination/117th-congress/386,2022-02-02,https://www.senate.gov/legislative/LIS/roll_call_votes/vote1172/vote_117_2_00021.htm,Confirmed 57-38,Patricia A
117,2,Donald Walker Tunnage,Associate Judge of the Superior Court of the District of Columbia,PN1204,2021-09-30,https://www.congress.gov/nomination/117th-congress/1204,2022-02-07,https://www.senate.gov/legislative/LIS/roll_call_votes/vote1172/vote_117_2_00037.htm,Confirmed 54-39,Russell F
117,2,Ebony M. Scott,Associate Judge of the Superior Court of the District of Columbia,PN1203,2021-09-30,https://www.congress.gov/nomination/117th-congress/1203,2022-02-07,https://www.senate.gov/legislative/LIS/roll_call_votes/vote1172/vote_117_2_00036.htm,Confirmed 55-38,Rhonda Reid Winston
117,2,Chantale Yokmin Wong,United States Director of the Asian Development Bank,PN782,2021-07-13,https://www.congress.gov/nomination/117th-congress/782,2022-02-08,https://www.senate.gov/legislative/LIS/roll_call_votes/vote1172/vote_117_2_00042.htm,Confirmed 66-31,Jason Myung-lk Chung
117,2,Lisa A. Carty,"Representative of the United States of America on the Economic and Social Council of the United Nations, with the rank of Ambassador",PN1567,2022-01-04,https://www.congress.gov/nomination/117th-congress/1567,2022-02-08,https://www.senate.gov/legislative/LIS/roll_call_votes/vote1172/vote_117_2_00041.htm,Confirmed 68-27,
117,2,Amy Gutmann,Ambassador of the United States of America to the Federal Republic of Germany,PN1577,2022-01-04,https://www.congress.gov/nomination/117th-congress/1577,2022-02-08,https://www.senate.gov/legislative/LIS/roll_call_votes/vote1172/vote_117_2_00040.htm,Confirmed 54-42,
117,2,Loren L. AliKhan,Associate Judge of the District of Columbia Court of Appeals,PN1201,2021-09-30,https://www.congress.gov/nomination/117th-congress/1201,2022-02-08,https://www.senate.gov/legislative/LIS/roll_call_votes/vote1172/vote_117_2_00039.htm,Confirmed 55-41,John R
117,2,John P. Howard III,Associate Judge of the District of Columbia Court of Appeals,PN996,2021-08-05,https://www.congress.gov/nomination/117th-congress/996,2022-02-08,https://www.senate.gov/legislative/LIS/roll_call_votes/vote1172/vote_117_2_00038.htm,Confirmed 62-34,Phyllis D
117,2,Neil Harvey MacBride,General Counsel for the Department of the Treasury,PN615,2021-06-08,https://www.congress.gov/nomination/117th-congress/615,2022-02-09,https://www.senate.gov/legislative/LIS/roll_call_votes/vote1172/vote_117_2_00050.htm,Confirmed 61-33,Brian Callanan
117,2,Leonard Philip Stark,U.S. Circuit Judge for the Federal Circuit,PN1508,2022-01-03,https://www.congress.gov/nomination/117th-congress/1508,2022-02-09,https://www.senate.gov/legislative/LIS/roll_call_votes/vote1172/vote_117_2_00049.htm,Confirmed 61-35,Kathleen M
117,2,Reta Jo Lewis,President of the Export-Import Bank of the United States,PN1528,2022-01-04,https://www.congress.gov/nomination/117th-congress/1528,2022-02-09,https://www.senate.gov/legislative/LIS/roll_call_votes/vote1172/vote_117_2_00048.htm,Confirmed 56-40,Kimberly A
117,2,Alexandra Baker,Deputy Under Secretary of Defense,PN1020,2021-08-10,https://www.congress.gov/nomination/117th-congress/1020,2022-02-09,https://www.senate.gov/legislative/LIS/roll_call_votes/vote1172/vote_117_2_00047.htm,Confirmed 75-21,James H
117,2,John Patrick Coffey,General Counsel of the Department of the Navy,PN1018,2021-08-10,https://www.congress.gov/nomination/117th-congress/1018,2022-02-09,https://www.senate.gov/legislative/LIS/roll_call_votes/vote1172/vote_117_2_00046.htm,Confirmed 79-17,Robert John Sander
117,2,Douglas R. Bush,Assistant Secretary of the Army,PN1183,2021-09-27,https://www.congress.gov/nomination/117th-congress/1183,2022-02-09,https://www.senate.gov/legislative/LIS/roll_call_votes/vote1172/vote_117_2_00045.htm,Confirmed 93-2,Bruce D
117,2,Scott A. Nathan,Chief Executive Officer of the U.S. International Development Finance Corporation,PN1060,2021-09-13,https://www.congress.gov/nomination/117th-congress/1060,2022-02-09,https://www.senate.gov/legislative/LIS/roll_call_votes/vote1172/vote_117_2_00043.htm,Confirmed 72-24,Adam Seth Boehler
117,2,Max Vekich,Federal Maritime Commissioner,PN1537,2022-01-04,https://www.congress.gov/nomination/117th-congress/1537,2022-02-10,https://www.senate.gov/legislative/LIS/roll_call_votes/vote1172/vote_117_2_00053.htm,Confirmed 51-43,Michael A
117,2,Robert McKinnon Califf,"Commissioner of Food and Drugs, Department of Health and Human Services",PN1593,2022-01-04,https://www.congress.gov/nomination/117th-congress/1593,2022-02-15,https://www.senate.gov/legislative/LIS/roll_call_votes/vote1172/vote_117_2_00055.htm,Confirmed 50-46,Stephen Hahn
117,2,David A. Honey,Deputy Under Secretary of Defense,PN1001,2021-08-09,https://www.congress.gov/nomination/117th-congress/1001,2022-02-16,https://www.senate.gov/legislative/LIS/roll_call_votes/vote1172/vote_117_2_00059.htm,Confirmed 94-1,Lisa Porter
117,2,Celeste Ann Wallander,Assistant Secretary of Defense,PN730,2021-06-23,https://www.congress.gov/nomination/117th-congress/730,2022-02-16,https://www.senate.gov/legislative/LIS/roll_call_votes/vote1172/vote_117_2_00058.htm,Confirmed 83-13,Robert Story Karem
117,2,Maria L. Pagan,"Deputy United States Trade Representative (Geneva Office), with the Rank of Ambassador",PN1053,2021-09-13,https://www.congress.gov/nomination/117th-congress/1053,2022-03-10,https://www.senate.gov/legislative/LIS/roll_call_votes/vote1172/vote_117_2_00074.htm,Confirmed 80-19,Dennis Shea
117,2,Shalanda D. Young,Director of the Office of Management and Budget,PN1437,2021-12-02,https://www.congress.gov/nomination/117th-congress/1437,2022-03-15,https://www.senate.gov/legislative/LIS/roll_call_votes/vote1172/vote_117_2_00080.htm,Confirmed 61-36,Russell Vought
117,2,Fred. W. Slaughter,U.S. District Judge for the Central District of California,PN1485,2021-12-15,https://www.congress.gov/nomination/117th-congress/1485,2022-03-17,https://www.senate.gov/legislative/LIS/roll_call_votes/vote1172/vote_117_2_00095.htm,Confirmed 57-41,Andrew J
117,2,Jacqueline Scott Corley,U.S. District Judge for the Northern District of California,PN1498,2022-01-03,https://www.congress.gov/nomination/117th-congress/1498,2022-03-17,https://www.senate.gov/legislative/LIS/roll_call_votes/vote1172/vote_117_2_00094.htm,Confirmed 63-36,William Haskell Alsup
117,2,Victoria Marie Calvert,U.S. District Judge for the Northern District of Georgia,PN1495,2022-01-03,https://www.congress.gov/nomination/117th-congress/1495,2022-03-22,https://www.senate.gov/legislative/LIS/roll_call_votes/vote1172/vote_117_2_00099.htm,Confirmed 50-46,Thomas W
117,2,Ruth Bermudez Montenegro,U.S. District Judge for the Southern District of California,PN1503,2022-01-03,https://www.congress.gov/nomination/117th-congress/1503,2022-03-22,https://www.senate.gov/legislative/LIS/roll_call_votes/vote1172/vote_117_2_00098.htm,Confirmed 55-41,John A
117,2,Alison J. Nathan,U.S. Circuit Judge for the Second Circuit,PN1504,2022-01-03,https://www.congress.gov/nomination/117th-congress/1504,2022-03-23,https://www.senate.gov/legislative/LIS/roll_call_votes/vote1172/vote_117_2_00106.htm,Confirmed 49-47,Rosemary S
117,2,Anne Rachel Traum,U.S. District Judge for the District of Nevada,PN1511,2022-01-03,https://www.congress.gov/nomination/117th-congress/1511,2022-03-23,https://www.senate.gov/legislative/LIS/roll_call_votes/vote1172/vote_117_2_00105.htm,Confirmed 49-47,Robert Clive Jones
117,2,Cristina D. Silva,U.S. District Judge for the District of Nevada,PN1507,2022-01-03,https://www.congress.gov/nomination/117th-congress/1507,2022-03-23,https://www.senate.gov/legislative/LIS/roll_call_votes/vote1172/vote_117_2_00104.htm,Confirmed 50-46,James C
117,2,John H. Chun,U.S. District Judge for the Western District of Washington,PN1497,2022-01-03,https://www.congress.gov/nomination/117th-congress/1497,2022-03-23,https://www.senate.gov/legislative/LIS/roll_call_votes/vote1172/vote_117_2_00103.htm,Confirmed 49-47,James L
117,2,Hector Gonzalez,U.S. District Judge for the Eastern District of New York,PN1479,2021-12-15,https://www.congress.gov/nomination/117th-congress/1479,2022-03-23,https://www.senate.gov/legislative/LIS/roll_call_votes/vote1172/vote_117_2_00102.htm,Confirmed 52-45,Brian M
117,2,Julie Rebecca Rubin,U.S. District Judge for the District of Maryland,PN1505,2022-01-03,https://www.congress.gov/nomination/117th-congress/1505,2022-03-23,https://www.senate.gov/legislative/LIS/roll_call_votes/vote1172/vote_117_2_00101.htm,Confirmed 51-46,
117,2,Andrew M. Luger,U.S. Attorney for the District of Minnesota,PN1381,2021-11-15,https://www.congress.gov/nomination/117th-congress/1381,2022-03-24,https://www.senate.gov/legislative/LIS/roll_call_votes/vote1172/vote_117_2_00107.htm,Confirmed 60-36,Erica H
117,2,C.S. Eliot Kang,Assistant Secretary of State (International Security and Non-Proliferation),PN1575,2022-01-04,https://www.congress.gov/nomination/117th-congress/1575,2022-03-29,https://www.senate.gov/legislative/LIS/roll_call_votes/vote1172/vote_117_2_00114.htm,Confirmed 52-46,Christopher Ashley Ford
117,2,Nani A. Coloretti,Deputy Director of the Office of Management and Budget,PN1436,2021-12-02,https://www.congress.gov/nomination/117th-congress/1436,2022-03-29,https://www.senate.gov/legislative/LIS/roll_call_votes/vote1172/vote_117_2_00113.htm,Confirmed 57-41,Shalanda D
117,2,January Contreras,"Assistant Secretary for Family Support, Department of Health and Human Services",PN1660,2022-01-07,https://www.congress.gov/nomination/117th-congress/1660,2022-03-30,https://www.senate.gov/legislative/LIS/roll_call_votes/vote1172/vote_117_2_00119.htm,Confirmed 54-44,Lynn A
117,2,Judith DelZoppo Pryor,First Vice President of the Export-Import Bank of the United States,PN1517,2022-01-04,https://www.congress.gov/nomination/117th-congress/1517,2022-03-30,https://www.senate.gov/legislative/LIS/roll_call_votes/vote1172/vote_117_2_00117.htm,Confirmed 69-30,Wanda Felton
117,2,Georgette Castner,U.S. District Judge for the District of New Jersey,PN1496,2022-01-03,https://www.congress.gov/nomination/117th-congress/1496,2022-03-31,https://www.senate.gov/legislative/LIS/roll_call_votes/vote1172/vote_117_2_00125.htm,Confirmed 52-47,Jose L
117,2,Sarah Elisabeth Geraghty,U.S. District Judge for the Northern District of Georgia,PN1500,2022-01-03,https://www.congress.gov/nomination/117th-congress/1500,2022-03-31,https://www.senate.gov/legislative/LIS/roll_call_votes/vote1172/vote_117_2_00124.htm,Confirmed 52-48,Amy Totenberg
117,2,James C. O'Brien,"Head of the Office of Sanctions Coordination, with the rank of Ambassador",PN1284,,,2022-04-06,https://www.senate.gov/legislative/LIS/roll_call_votes/vote1172/vote_117_2_00130.htm,Confirmed 71-26,
117,2,Ketanji Brown Jackson,Associate Justice of the Supreme Court of the United States,PN1783,2022-02-28,https://www.congress.gov/nomination/117th-congress/1783,2022-04-07,https://www.senate.gov/legislative/LIS/roll_call_votes/vote1172/vote_117_2_00134.htm,Confirmed 53-47,Stephen G
117,2,Lael Brainard,Vice Chairman of the Board of Governors of the Federal Reserve System,PN1529,2022-01-04,https://www.congress.gov/nomination/117th-congress/1529,2022-04-26,https://www.senate.gov/legislative/LIS/roll_call_votes/vote1172/vote_117_2_00136.htm,Confirmed 52-43,Richard Clarida
117,2,Sherilyn Peace Garnett,U.S. District Judge for the Central District of California,PN1478,2021-12-15,https://www.congress.gov/nomination/117th-congress/1478,2022-04-27,https://www.senate.gov/legislative/LIS/roll_call_votes/vote1172/vote_117_2_00139.htm,Confirmed 62-33,Manuel L
117,2,Elizabeth de Leon Bhargava,Assistant Secretary of Housing and Urban Development,PN1521,2022-01-04,https://www.congress.gov/nomination/117th-congress/1521,2022-05-03,https://www.senate.gov/legislative/LIS/roll_call_votes/vote1172/vote_117_2_00146.htm,Confirmed 62-34,John Bobbitt
117,2,Joshua Frost,Assistant Secretary of the Treasury,PN1052,2021-09-13,https://www.congress.gov/nomination/117th-congress/1052,2022-05-03,https://www.senate.gov/legislative/LIS/roll_call_votes/vote1172/vote_117_2_00144.htm,Confirmed 54-42,Matthew S
117,2,Kathryn Huff,Assistant Secretary of Energy (Nuclear Energy),PN1782,2022-02-28,https://www.congress.gov/nomination/117th-congress/1782,2022-05-05,https://www.senate.gov/legislative/LIS/roll_call_votes/vote1172/vote_117_2_00160.htm,Confirmed 80-11,Rita Baranwal
117,2,Lisa DeNell Cook,Member of the Board of Governors of the Federal Reserve System,PN1679,2022-01-13,https://www.congress.gov/nomination/117th-congress/1679,2022-05-10,https://www.senate.gov/legislative/LIS/roll_call_votes/vote1172/vote_117_2_00166.htm,Confirmed 50-50,Janet L
117,2,Asmeret Asefaw Berhe,"Director of the Office of Science, Department of Energy",PN1551,2022-01-04,https://www.congress.gov/nomination/117th-congress/1551,2022-05-10,https://www.senate.gov/legislative/LIS/roll_call_votes/vote1172/vote_117_2_00164.htm,Confirmed 54-45,Christopher Fall
117,2,Ann Claire Phillips,Administrator of the Maritime Administration,PN1547,2022-01-04,https://www.congress.gov/nomination/117th-congress/1547,2022-05-10,https://www.senate.gov/legislative/LIS/roll_call_votes/vote1172/vote_117_2_00162.htm,Confirmed 75-22,Mark H
117,2,Philip Nathan Jefferson,Member of the Board of Governors of the Federal Reserve System,PN1680,2022-01-13,https://www.congress.gov/nomination/117th-congress/1680,2022-05-11,https://www.senate.gov/legislative/LIS/roll_call_votes/vote1172/vote_117_2_00173.htm,Confirmed 91-7,Richard Clarida
117,2,Julia Ruth Gordon,Assistant Secretary of Housing and Urban Development,PN1523,2022-01-04,https://www.congress.gov/nomination/117th-congress/1523,2022-05-11,https://www.senate.gov/legislative/LIS/roll_call_votes/vote1172/vote_117_2_00172.htm,Confirmed 50-50,Dana T
117,2,Alvaro M. Bedoya,Federal Trade Commissioner,PN1541,2022-01-04,https://www.congress.gov/nomination/117th-congress/1541,2022-05-11,https://www.senate.gov/legislative/LIS/roll_call_votes/vote1172/vote_117_2_00169.htm,Confirmed 50-50,Rohit Chopra
117,2,Jerome H. Powell,Chairman of the Board of Governors of the Federal Reserve System,PN1522,2022-01-04,https://www.congress.gov/nomination/117th-congress/1522,2022-05-12,https://www.senate.gov/legislative/LIS/roll_call_votes/vote1172/vote_117_2_00176.htm,Confirmed 80-19,
117,2,Susan Tsui Grundmann,Member of the Federal Labor Relations Authority,PN1601,2022-01-04,https://www.congress.gov/nomination/117th-congress/1601,2022-05-12,https://www.senate.gov/legislative/LIS/roll_call_votes/vote1172/vote_117_2_00175.htm,Confirmed 50-49,James Thomas Abbott
117,2,Christopher Joseph Lowman,Assistant Secretary of Defense,PN1367,2021-11-15,https://www.congress.gov/nomination/117th-congress/1367,2022-05-18,https://www.senate.gov/legislative/LIS/roll_call_votes/vote1172/vote_117_2_00189.htm,Confirmed 94-1,William Jordan Gillis
117,2,Sunshine Suzanne Sykes,U.S. District Judge for the Central District of California,PN1486,2021-12-15,https://www.congress.gov/nomination/117th-congress/1486,2022-05-18,https://www.senate.gov/legislative/LIS/roll_call_votes/vote1172/vote_117_2_00188.htm,Confirmed 51-45,James V
117,2,Trina L. Thompson,U.S. District Judge for the Northern District of California,PN1510,2022-01-03,https://www.congress.gov/nomination/117th-congress/1510,2022-05-18,https://www.senate.gov/legislative/LIS/roll_call_votes/vote1172/vote_117_2_00187.htm,Confirmed 51-44,Phyllis J
117,2,Elizabeth Schoff Watson,Assistant Secretary of Labor,PN1583,2022-01-04,https://www.congress.gov/nomination/117th-congress/1583,2022-05-18,https://www.senate.gov/legislative/LIS/roll_call_votes/vote1172/vote_117_2_00186.htm,Confirmed 50-45,Katherine Brunett McGuire
117,2,Barbara A. Leaf,Assistant Secretary of State (Near Eastern Affairs),PN1573,2022-01-04,https://www.congress.gov/nomination/117th-congress/1573,2022-05-18,https://www.senate.gov/legislative/LIS/roll_call_votes/vote1172/vote_117_2_00184.htm,Confirmed 54-44,David Schenker
117,2,Jennifer Louise Rochon,U.S. District Judge for the Southern District of New York,PN1484,2021-12-15,https://www.congress.gov/nomination/117th-congress/1484,2022-05-18,https://www.senate.gov/legislative/LIS/roll_call_votes/vote1172/vote_117_2_00182.htm,Confirmed 51-47,George B
117,2,Dara Lindenbaum,Member of the Federal Election Commission,PN1758,2022-02-03,https://www.congress.gov/nomination/117th-congress/1758,2022-05-24,https://www.senate.gov/legislative/LIS/roll_call_votes/vote1172/vote_117_2_00196.htm,Confirmed 54-38,Steven T
117,2,Stephanie Dawkins Davis,United States Circuit Judge for the Sixth Circuit,PN1748,2022-02-02,https://www.congress.gov/nomination/117th-congress/1748,2022-05-24,https://www.senate.gov/legislative/LIS/roll_call_votes/vote1172/vote_117_2_00194.htm,Confirmed 49-43,Helene N
117,2,Cathy Ann Harris,Member of the Merit Systems Protection Board,PN1600,2022-01-04,https://www.congress.gov/nomination/117th-congress/1600,2022-05-25,https://www.senate.gov/legislative/LIS/roll_call_votes/vote1172/vote_117_2_00209.htm,Confirmed 48-46,Anne Marie Wagner
117,2,Henry Christopher Frey,Assistant Administrator of the Environmental Protection Agency,PN1562,2022-01-04,https://www.congress.gov/nomination/117th-congress/1562,2022-05-25,https://www.senate.gov/legislative/LIS/roll_call_votes/vote1172/vote_117_2_00205.htm,Confirmed 51-43,Paul T
117,2,Sandra L. Thompson,Director of the Federal Housing Finance Agency,PN1518,2022-01-04,https://www.congress.gov/nomination/117th-congress/1518,2022-05-25,https://www.senate.gov/legislative/LIS/roll_call_votes/vote1172/vote_117_2_00203.htm,Confirmed 49-46,Mark Anthony Calabria
117,2,Charlotte N. Sweeney,U.S. District Judge for the District of Colorado,PN1509,2022-01-03,https://www.congress.gov/nomination/117th-congress/1509,2022-05-25,https://www.senate.gov/legislative/LIS/roll_call_votes/vote1172/vote_117_2_00201.htm,Confirmed 48-46,
117,2,Evelyn Padin,U.S. District Judge for the District of New Jersey,PN1482,2021-12-15,https://www.congress.gov/nomination/117th-congress/1482,2022-05-25,https://www.senate.gov/legislative/LIS/roll_call_votes/vote1172/vote_117_2_00200.htm,Confirmed 51-43,Faith S
117,2,Marcia Stephens Bloom Bernicat,Director General of the Foreign Service,PN492,2021-04-28,https://www.congress.gov/nomination/117th-congress/492,2022-05-26,https://www.senate.gov/legislative/LIS/roll_call_votes/vote1172/vote_117_2_00212.htm,Confirmed 82-10,Carol Z
117,2,Shalanda H. Baker,"Director of the Office of Minority Economic Impact, Department of Energy",PN1550,2022-01-04,https://www.congress.gov/nomination/117th-congress/1550,2022-06-07,https://www.senate.gov/legislative/LIS/roll_call_votes/vote1172/vote_117_2_00218.htm,Confirmed 54-45,James Edward Campos
117,2,Kenneth L. Wainstein,"Under Secretary for Intelligence and Analysis, Department of Homeland Security",PN1413,2021-11-17,https://www.congress.gov/nomination/117th-congress/1413,2022-06-07,https://www.senate.gov/legislative/LIS/roll_call_votes/vote1172/vote_117_2_00217.htm,Confirmed 63-35,David James Glawe
117,2,Chavonda J. Jacobs-Young,"Under Secretary of Agriculture for Research, Education, and Economics",PN955,2021-08-04,https://www.congress.gov/nomination/117th-congress/955,2022-06-07,https://www.senate.gov/legislative/LIS/roll_call_votes/vote1172/vote_117_2_00216.htm,Confirmed 95-4,Catherine E
117,2,Alex Wagner,Assistant Secretary of the Air Force,PN1002,2021-08-09,https://www.congress.gov/nomination/117th-congress/1002,2022-06-07,https://www.senate.gov/legislative/LIS/roll_call_votes/vote1172/vote_117_2_00214.htm,Confirmed 76-21,Shon J
117,2,Amy Loyd,"Assistant Secretary of Education for Career, Technical, and Adult Education.",PN1594,2022-01-04,https://www.congress.gov/nomination/117th-congress/1594,2022-06-08,https://www.senate.gov/legislative/LIS/roll_call_votes/vote1172/vote_117_2_00222.htm,Confirmed 57-42,Scott Stump
117,2,Todd M. Harper,Member of the National Credit Union Administration,PN1525,2022-01-04,https://www.congress.gov/nomination/117th-congress/1525,2022-06-08,https://www.senate.gov/legislative/LIS/roll_call_votes/vote1172/vote_117_2_00221.htm,Confirmed 59-40,
117,2,Nina Morrison,U.S. District Judge for the Eastern District of New York,PN1481,2021-12-15,https://www.congress.gov/nomination/117th-congress/1481,2022-06-08,https://www.senate.gov/legislative/LIS/roll_call_votes/vote1172/vote_117_2_00220.htm,Confirmed 53-46,Dora L
117,2,Samuel R. Bagenstos,"General Counsel, Department of Health and Human Services",PN1026,2021-08-10,https://www.congress.gov/nomination/117th-congress/1026,2022-06-09,https://www.senate.gov/legislative/LIS/roll_call_votes/vote1172/vote_117_2_00224.htm,Confirmed 49-43,Robert Charrow
117,2,Robert Steven Huie,U.S. District Judge for the Southern District of California,PN1685,2022-01-19,https://www.congress.gov/nomination/117th-congress/1685,2022-06-09,https://www.senate.gov/legislative/LIS/roll_call_votes/vote1172/vote_117_2_00223.htm,Confirmed 51-46,Michael M
117,2,Alan M. Leventhal,Ambassador Extraordinary and Plenipotentiary of the United States of America to the Kingdom of Denmark.,PN1694,2022-01-20,https://www.congress.gov/nomination/117th-congress/1694,2022-06-15,https://www.senate.gov/legislative/LIS/roll_call_votes/vote1172/vote_117_2_00229.htm,Confirmed 63-32,
117,2,Ana Isabel de Alba,United States District Judge for the Eastern District of California,PN1683,2022-01-19,https://www.congress.gov/nomination/117th-congress/1683,2022-06-21,https://www.senate.gov/legislative/LIS/roll_call_votes/vote1172/vote_117_2_00234.htm,Confirmed 53-45,Morrison C
117,2,Mary T. Boyle,Commissioner of the Consumer Product Safety Commission,PN1542,2022-01-04,https://www.congress.gov/nomination/117th-congress/1542,2022-06-22,https://www.senate.gov/legislative/LIS/roll_call_votes/vote1172/vote_117_2_00237.htm,Confirmed 50-48,Ann Marie Buerkle
117,2,Steven M. Dettelbach,"Director, Bureau of Alcohol, Tobacco, Firearms, and Explosives",PN1975,2022-04-25,https://www.congress.gov/nomination/117th-congress/1975,2022-07-12,https://www.senate.gov/legislative/LIS/roll_call_votes/vote1172/vote_117_2_00246.htm,Confirmed 48-46,B
117,2,Ashish S. Vazirani,Deputy Under Secretary of Defense,PN1185,2021-09-27,https://www.congress.gov/nomination/117th-congress/1185,2022-07-12,https://www.senate.gov/legislative/LIS/roll_call_votes/vote1172/vote_117_2_00244.htm,Confirmed 73-21,Laura Junor
117,2,Owen Edward Herrnstadt,Member of the Board of Directors of the Export-Import Bank,PN1526,2022-01-04,https://www.congress.gov/nomination/117th-congress/1526,2022-07-13,https://www.senate.gov/legislative/LIS/roll_call_votes/vote1172/vote_117_2_00252.htm,Confirmed 51-44,Judith Delzoppo Pryor
117,2,Michael S. Barr,Vice Chairman for Supervision of the Board of Governors of the Federal Reserve System,PN2021,2022-05-02,https://www.congress.gov/nomination/117th-congress/2021,2022-07-13,https://www.senate.gov/legislative/LIS/roll_call_votes/vote1172/vote_117_2_00250.htm,Confirmed 66-28,Randal Quarles
117,2,Michael S. Barr,Member of the Board of Governors of the Federal Reserve System,PN2020,2022-05-02,https://www.congress.gov/nomination/117th-congress/2020,2022-07-13,https://www.senate.gov/legislative/LIS/roll_call_votes/vote1172/vote_117_2_00248.htm,Confirmed 66-28,Randal Quarles
117,2,Kate Elizabeth Heinzelman,General Counsel of the Central Intelligence Agency,PN1834,2022-03-08,https://www.congress.gov/nomination/117th-congress/1834,2022-07-14,https://www.senate.gov/legislative/LIS/roll_call_votes/vote1172/vote_117_2_00254.htm,Confirmed 50-41,Courtney Elwood
117,2,Julianna Michelle Childs,U.S. Circuit Judge of the District of Columbia Circuit,PN1671,2022-01-10,https://www.congress.gov/nomination/117th-congress/1671,2022-07-19,https://www.senate.gov/legislative/LIS/roll_call_votes/vote1172/vote_117_2_00260.htm,Confirmed 64-34,David S
117,2,Nancy L. Maldonado,U.S. District Judge for the Northern District of Illinois,PN1968,2022-04-25,https://www.congress.gov/nomination/117th-congress/1968,2022-07-19,https://www.senate.gov/legislative/LIS/roll_call_votes/vote1172/vote_117_2_00259.htm,Confirmed 53-45,Matthew F
117,2,Nina Nin-Yuen Wang,U.S. District Judge for the District of Colorado,PN1688,2022-01-19,https://www.congress.gov/nomination/117th-congress/1688,2022-07-19,https://www.senate.gov/legislative/LIS/roll_call_votes/vote1172/vote_117_2_00257.htm,Confirmed 58-36,Christine M
117,2,Bernadette M. Meehan,Ambassador of the United States of America to the Republic of Chile,PN787,2021-07-13,https://www.congress.gov/nomination/117th-congress/787,2022-07-20,https://www.senate.gov/legislative/LIS/roll_call_votes/vote1172/vote_117_2_00264.htm,Confirmed 51-44,
117,2,Gregory Brian Williams,U.S. District Judge for the District of Delaware,PN1969,2022-04-25,https://www.congress.gov/nomination/117th-congress/1969,2022-07-20,https://www.senate.gov/legislative/LIS/roll_call_votes/vote1172/vote_117_2_00263.htm,Confirmed 52-43,Leonard Philip Stark
117,2,Shereef M. Elnahal,Under Secretary for Health of the Department of Veterans Affairs,PN1843,2022-03-10,https://www.congress.gov/nomination/117th-congress/1843,2022-07-21,https://www.senate.gov/legislative/LIS/roll_call_votes/vote1172/vote_117_2_00267.htm,Confirmed 66-23,David J
117,2,Reuben E. Brigety II,Ambassador of the United States of America to the Republic of South Africa,PN1765,2022-02-10,https://www.congress.gov/nomination/117th-congress/1765,2022-07-21,https://www.senate.gov/legislative/LIS/roll_call_votes/vote1172/vote_117_2_00266.htm,Confirmed 55-40,
117,2,David Pressman,Ambassador of the United States of America to Hungary,PN2133,2022-05-17,https://www.congress.gov/nomination/117th-congress/2133,2022-07-28,https://www.senate.gov/legislative/LIS/roll_call_votes/vote1172/vote_117_2_00274.htm,Confirmed 61-30,
117,2,Elizabeth Wilson Hanes,U.S. District Judge for the Eastern District of Virginia.,PN2142,2022-05-19,https://www.congress.gov/nomination/117th-congress/2142,2022-08-02,https://www.senate.gov/legislative/LIS/roll_call_votes/vote1172/vote_117_2_00276.htm,Confirmed 59-37,John A
117,2,Roopali H. Desai,U.S. Circuit Judge for the Ninth Circuit,PN2262,2022-06-15,https://www.congress.gov/nomination/117th-congress/2262,2022-08-04,https://www.senate.gov/legislative/LIS/roll_call_votes/vote1172/vote_117_2_00284.htm,Confirmed 67-29,
117,2,Constance J. Milstein,Ambassador of The United States of America to the Republic of Malta.,PN1466,2021-12-13,https://www.congress.gov/nomination/117th-congress/1466,2022-08-06,https://www.senate.gov/legislative/LIS/roll_call_votes/vote1172/vote_117_2_00286.htm,Confirmed 57-34,
117,2,John Z. Lee,U.S. Circuit Judge for the Seventh Circuit,PN1965,2022-04-25,https://www.congress.gov/nomination/117th-congress/1965,2022-09-07,https://www.senate.gov/legislative/LIS/roll_call_votes/vote1172/vote_117_2_00327.htm,Confirmed 50-44,Diane P
117,2,Andre B. Mathis,U.S. Circuit Judge for the Sixth Circuit,PN1502,2022-01-03,https://www.congress.gov/nomination/117th-congress/1502,2022-09-08,https://www.senate.gov/legislative/LIS/roll_call_votes/vote1172/vote_117_2_00329.htm,Confirmed 48-47,
117,2,"Salvador Mendoza, Jr.",United States Circuit Judge for the Ninth Circuit,PN1966,2022-04-25,https://www.congress.gov/nomination/117th-congress/1966,2022-09-12,https://www.senate.gov/legislative/LIS/roll_call_votes/vote1172/vote_117_2_00331.htm,Confirmed 46-40,M
117,2,Lara E. Montecalvo,United States Circuit Judge for the First Circuit,PN2140,2022-05-19,https://www.congress.gov/nomination/117th-congress/2140,2022-09-14,https://www.senate.gov/legislative/LIS/roll_call_votes/vote1172/vote_117_2_00335.htm,Confirmed 52-47,O
117,2,David P. Pekoske,Administrator of the Transportation Security Administration,PN2063,2022-05-09,https://www.congress.gov/nomination/117th-congress/2063,2022-09-15,https://www.senate.gov/legislative/LIS/roll_call_votes/vote1172/vote_117_2_00338.htm,Confirmed 77-18,
117,2,Sarah A.L. Merriam,United States Circuit Judge for the Second Circuit,PN2141,2022-05-19,https://www.congress.gov/nomination/117th-congress/2141,2022-09-15,https://www.senate.gov/legislative/LIS/roll_call_votes/vote1172/vote_117_2_00337.htm,Confirmed 53-44,Susan L
117,2,Florence Y. Pan,U.S. Circuit Judge for the District of Columbia Circuit,PN2193,2022-05-25,https://www.congress.gov/nomination/117th-congress/2193,2022-09-20,https://www.senate.gov/legislative/LIS/roll_call_votes/vote1172/vote_117_2_00340.htm,Confirmed 52-42,Ketanji Brown Jackson
117,2,Arati Prabhakar,Director of the Office of Science and Technology Policy,PN2267,2022-06-22,https://www.congress.gov/nomination/117th-congress/2267,2022-09-22,https://www.senate.gov/legislative/LIS/roll_call_votes/vote1172/vote_117_2_00348.htm,Confirmed 56-40,Eric S
117,2,Amanda Bennett,Chief Executive Officer of the U.S. Agency for Global Media,PN1566,2022-01-04,https://www.congress.gov/nomination/117th-congress/1566,2022-09-22,https://www.senate.gov/legislative/LIS/roll_call_votes/vote1172/vote_117_2_00347.htm,Confirmed 60-36,Michael Pack
117,2,Maria del R. Antongiorgi-Jordan,United States District Judge for the District of Puerto Rico,PN2263,2022-06-15,https://www.congress.gov/nomination/117th-congress/2263,2022-11-15,https://www.senate.gov/legislative/LIS/roll_call_votes/vote1172/vote_117_2_00354.htm,Confirmed 55-43,Gustavo Antonio Gelpi
117,2,Robert Phillip Storch,"Inspector General, Department of Defense",PN1368,2021-11-15,https://www.congress.gov/nomination/117th-congress/1368,2022-11-30,https://www.senate.gov/legislative/LIS/roll_call_votes/vote1172/vote_117_2_00367.htm,Confirmed 92-3,Jon T
117,2,Anne M. Nardacci,U.S. District Judge for the Northern District of New York,PN2143,2022-05-19,https://www.congress.gov/nomination/117th-congress/2143,2022-11-30,https://www.senate.gov/legislative/LIS/roll_call_votes/vote1172/vote_117_2_00366.htm,Confirmed 52-44,Gary L
117,2,Doris L. Pryor,U.S. Circuit Judge for the Seventh Circuit,PN2192,2022-05-25,https://www.congress.gov/nomination/117th-congress/2192,2022-12-05,https://www.senate.gov/legislative/LIS/roll_call_votes/vote1172/vote_117_2_00373.htm,Confirmed 60-31,David F
117,2,Kelley Brisbon Hodge,U.S. District Judge for the Eastern District of Pennsylvania,PN2365,2022-07-12,https://www.congress.gov/nomination/117th-congress/2365,2022-12-06,https://www.senate.gov/legislative/LIS/roll_call_votes/vote1172/vote_117_2_00377.htm,Confirmed 52-44,Petrese B
117,2,Frances Kay Behm,U.S. District Judge for the Eastern District of Michigan,PN2314,2022-07-11,https://www.congress.gov/nomination/117th-congress/2314,2022-12-06,https://www.senate.gov/legislative/LIS/roll_call_votes/vote1172/vote_117_2_00376.htm,Confirmed 49-47,David M
117,2,Jerry W. Blackwell,U.S. District Judge for the District of Minnesota,PN2266,2022-06-15,https://www.congress.gov/nomination/117th-congress/2266,2022-12-07,https://www.senate.gov/legislative/LIS/roll_call_votes/vote1172/vote_117_2_00383.htm,Confirmed 51-43,Susan Richard Nelson
117,2,John Frank Murphy,U.S. District Judge for the Eastern District of Pennsylvania,PN2368,2022-07-12,https://www.congress.gov/nomination/117th-congress/2368,2022-12-07,https://www.senate.gov/legislative/LIS/roll_call_votes/vote1172/vote_117_2_00381.htm,Confirmed 63-28,Lawrence F
117,2,Kai N. Scott,U.S. District Judge for the Eastern District of Pennsylvania,PN2366,2022-07-12,https://www.congress.gov/nomination/117th-congress/2366,2022-12-07,https://www.senate.gov/legislative/LIS/roll_call_votes/vote1172/vote_117_2_00380.htm,Confirmed 50-42,C
117,2,Jeffery Paul Hopkins,U.S. District Judge for the Southern District of Ohio,PN2438,2022-08-01,https://www.congress.gov/nomination/117th-congress/2438,2022-12-08,https://www.senate.gov/legislative/LIS/roll_call_votes/vote1172/vote_117_2_00384.htm,Confirmed 64-32,Timothy S
117,2,Tamika R. Montgomery-Reeves,United States Circuit Judge for the Third Circuit,PN2315,2022-07-11,https://www.congress.gov/nomination/117th-congress/2315,2022-12-12,https://www.senate.gov/legislative/LIS/roll_call_votes/vote1172/vote_117_2_00387.htm,Confirmed 53-35,Thomas L
117,2,Jay Curtis Shambaugh,Under Secretary of the Treasury,PN1815,2022-03-07,https://www.congress.gov/nomination/117th-congress/1815,2022-12-13,https://www.senate.gov/legislative/LIS/roll_call_votes/vote1172/vote_117_2_00389.htm,Confirmed 70-27,Brent James McIntosh
117,2,Dana M. Douglas,U.S. Circuit Judge for the Fifth Circuit,PN2261,2022-06-15,https://www.congress.gov/nomination/117th-congress/2261,2022-12-13,https://www.senate.gov/legislative/LIS/roll_call_votes/vote1172/vote_117_2_00388.htm,Confirmed 65-31,James L
117,2,Francisco O. Mora,Permanent Representative of the United States of America to the Organization of American States,PN953,2021-08-02,https://www.congress.gov/nomination/117th-congress/953,2022-12-14,https://www.senate.gov/legislative/LIS/roll_call_votes/vote1172/vote_117_2_00391.htm,Confirmed 51-45,Carlos Trujillo
117,2,Musetta Tia Johnson,Judge of the U.S. Court of Appeals for the Armed Forces,PN1657,2022-01-07,https://www.congress.gov/nomination/117th-congress/1657,2022-12-15,https://www.senate.gov/legislative/LIS/roll_call_votes/vote1172/vote_117_2_00392.htm,Confirmed 76-20,Scott Wallace Stucky
117,2,Martin J. Gruenberg,Member of the Board of Directors of the Federal Deposit Insurance Corporation,PN2692,2022-11-14,https://www.congress.gov/nomination/117th-congress/2692,2022-12-19,https://www.senate.gov/legislative/LIS/roll_call_votes/vote1172/vote_117_2_00400.htm,Confirmed 45-39,
117,2,Robert Harley Shriver III,Deputy Director of the Office of Personnel Management,PN2458,2022-08-03,https://www.congress.gov/nomination/117th-congress/2458,2022-12-20,https://www.senate.gov/legislative/LIS/roll_call_votes/vote1172/vote_117_2_00402.htm,Confirmed 57-35,Michael Rigas
117,2,R. Russell Rumbaugh,Assistant Secretary of the Navy,PN1883,2022-03-21,https://www.congress.gov/nomination/117th-congress/1883,2022-12-20,https://www.senate.gov/legislative/LIS/roll_call_votes/vote1172/vote_117_2_00401.htm,Confirmed 80-10,Thomas Harker
117,2,Agnes Schaefer,Assistant Secretary of the Army,PN1668,2022-01-10,https://www.congress.gov/nomination/117th-congress/1668,2022-12-21,https://www.senate.gov/legislative/LIS/roll_call_votes/vote1172/vote_117_2_00405.htm,Confirmed 68-26,Casey Wardynski
117,2,Lynne M. Tracy,Ambassador of the United States of America to the Russian Federation,PN2668,2022-09-22,https://www.congress.gov/nomination/117th-congress/2668,2022-12-21,https://www.senate.gov/legislative/LIS/roll_call_votes/vote1172/vote_117_2_00404.htm,Confirmed 93-2,
117,2,Franklin R. Parker,Assistant Secretary of the Navy,PN1690,2022-01-20,https://www.congress.gov/nomination/117th-congress/1690,2022-12-22,https://www.senate.gov/legislative/LIS/roll_call_votes/vote1172/vote_117_2_00406.htm,Confirmed 70-22,Gregory J
118,1,Brendan Owens,Assistant Secretary of Defense,PN1,,,2023-01-23,https://www.senate.gov/legislative/LIS/roll_call_votes/vote1181/vote_118_1_00001.htm,Confirmed 60-35,
118,1,Roger Israel Zakheim,Member of the Board of Directors of the United States Institute of Peace,PN62,,,2023-01-30,https://www.senate.gov/legislative/LIS/roll_call_votes/vote1181/vote_118_1_00003.htm,Confirmed 84-10,
118,1,Joseph Lee Falk,Member of the Board of Directors of the U.S. Institute of Peace,PN61,,,2023-02-02,https://www.senate.gov/legislative/LIS/roll_call_votes/vote1181/vote_118_1_00005.htm,Confirmed 60-37,
118,1,DeAndrea Gist Benjamin,U.S. Circuit Judge for the Fourth Circuit,PN88,,,2023-02-09,https://www.senate.gov/legislative/LIS/roll_call_votes/vote1181/vote_118_1_00007.htm,Confirmed 53-44,
118,1,Matthew L. Garcia,U.S. District Judge for the District of New Mexico,PN72,,,2023-02-14,https://www.senate.gov/legislative/LIS/roll_call_votes/vote1181/vote_118_1_00015.htm,Confirmed 53-46,
118,1,Lindsay C. Jenkins,United States District Judge for the Northern District of Illinois,PN74,,,2023-02-14,https://www.senate.gov/legislative/LIS/roll_call_votes/vote1181/vote_118_1_00013.htm,Confirmed 59-40,
118,1,Gina R. Mendez-Miro,U.S. District Judge for the District of Puerto Rico,PN79,,,2023-02-14,https://www.senate.gov/legislative/LIS/roll_call_votes/vote1181/vote_118_1_00011.htm,Confirmed 54-45,
118,1,Ana C. Reyes,United States District Judge for the District of Columbia,PN80,,,2023-02-15,https://www.senate.gov/legislative/LIS/roll_call_votes/vote1181/vote_118_1_00020.htm,Confirmed 51-47,
118,1,Adrienne C. Nelson,U.S. District Judge for the District of Oregon,PN71,,,2023-02-15,https://www.senate.gov/legislative/LIS/roll_call_votes/vote1181/vote_118_1_00017.htm,Confirmed 52-46,
118,1,Lester Martinez-Lopez,Assistant Secretary of Defense,PN3,,,2023-02-16,https://www.senate.gov/legislative/LIS/roll_call_votes/vote1181/vote_118_1_00023.htm,Confirmed 61-34,
118,1,Daniel J. Calabretta,U.S. District Judge for the Eastern District of California,PN73,,,2023-02-16,https://www.senate.gov/legislative/LIS/roll_call_votes/vote1181/vote_118_1_00022.htm,Confirmed 51-45,
118,1,Araceli Martinez-Olguin,U.S. District Judge for the Northern District of California,PN76,,,2023-02-28,https://www.senate.gov/legislative/LIS/roll_call_votes/vote1181/vote_118_1_00030.htm,Confirmed 48-48,
118,1,Jamal N. Whitehead,U.S. District Judge for the Western District of Washington,PN75,,,2023-02-28,https://www.senate.gov/legislative/LIS/roll_call_votes/vote1181/vote_118_1_00028.htm,Confirmed 51-43,
118,1,Jamar K. Walker,U.S. District Judge for the Eastern District of Virginia,PN78,,,2023-02-28,https://www.senate.gov/legislative/LIS/roll_call_votes/vote1181/vote_118_1_00026.htm,Confirmed 52-41,
118,1,Margaret R. Guzman,U.S. District Judge for the District of Massachusetts,PN77,,,2023-03-01,https://www.senate.gov/legislative/LIS/roll_call_votes/vote1181/vote_118_1_00032.htm,Confirmed 48-48,
118,1,Jonathan James Canada Grey,U.S. District Judge for the Eastern District of Michigan,PN171,,,2023-03-02,https://www.senate.gov/legislative/LIS/roll_call_votes/vote1181/vote_118_1_00039.htm,Confirmed 49-42,
118,1,Colleen R. Lawless,U.S. District Judge for the Central District of Illinois,PN170,,,2023-03-02,https://www.senate.gov/legislative/LIS/roll_call_votes/vote1181/vote_118_1_00037.htm,Confirmed 51-41,
118,1,Arun Subramanian,U.S. District Judge for the Southern District of New York,PN179,,,2023-03-07,https://www.senate.gov/legislative/LIS/roll_call_votes/vote1181/vote_118_1_00045.htm,Confirmed 59-37,
118,1,Andrew G. Schopler,U.S. District Judge for the Southern District of California,PN178,,,2023-03-07,https://www.senate.gov/legislative/LIS/roll_call_votes/vote1181/vote_118_1_00043.htm,Confirmed 56-39,
118,1,Robert Stewart Ballou,U.S. District Judge for the Western District of Virginia,PN166,,,2023-03-07,https://www.senate.gov/legislative/LIS/roll_call_votes/vote1181/vote_118_1_00041.htm,Confirmed 59-37,
118,1,Patrice H. Kunesh,"Commissioner of the Administration for Native Americans, Department of Health and Human Services",PN162,,,2023-03-08,https://www.senate.gov/legislative/LIS/roll_call_votes/vote1181/vote_118_1_00047.htm,Confirmed 57-35,
118,1,Maria Araujo Kahn,United States Circuit Judge for the Second Circuit,PN91,,,2023-03-09,https://www.senate.gov/legislative/LIS/roll_call_votes/vote1181/vote_118_1_00052.htm,Confirmed 51-42,
118,1,"James Edward Simmons, Jr.",United States District Judge for the Southern District of California,PN175,,,2023-03-09,https://www.senate.gov/legislative/LIS/roll_call_votes/vote1181/vote_118_1_00051.htm,Confirmed 51-43,
118,1,Daniel I. Werfel,Commissioner of Internal Revenue,PN27,,,2023-03-09,https://www.senate.gov/legislative/LIS/roll_call_votes/vote1181/vote_118_1_00050.htm,Confirmed 54-42,
118,1,Ravi Chaudhary,Assistant Secretary of the Air Force,PN6,,,2023-03-15,https://www.senate.gov/legislative/LIS/roll_call_votes/vote1181/vote_118_1_00058.htm,Confirmed 65-29,
118,1,Eric M. Garcetti,Ambassador of the United States of America to the Republic of India,PN29,,,2023-03-15,https://www.senate.gov/legislative/LIS/roll_call_votes/vote1181/vote_118_1_00056.htm,Confirmed 52-42,
118,1,Brent Neiman,Deputy Under Secretary of the Treasury,PN122,,,2023-03-15,https://www.senate.gov/legislative/LIS/roll_call_votes/vote1181/vote_118_1_00054.htm,Confirmed 54-40,
118,1,Jessica G.L. Clarke,U.S. District Judge for the Southern District of New York,PN85,,,2023-03-16,https://www.senate.gov/legislative/LIS/roll_call_votes/vote1181/vote_118_1_00062.htm,Confirmed 48-43,
118,1,Gordon P. Gallagher,U.S. District Judge for the District of Colorado,PN176,,,2023-03-22,https://www.senate.gov/legislative/LIS/roll_call_votes/vote1181/vote_118_1_00064.htm,Confirmed 53-43,
118,1,Laura Taylor-Kale,Assistant Secretary of Defense,PN2,,,2023-03-30,https://www.senate.gov/legislative/LIS/roll_call_votes/vote1181/vote_118_1_00082.htm,Confirmed 63-27,
118,1,Richard R. Verma,Deputy Secretary of State for Management and Resources,PN44,,,2023-03-30,https://www.senate.gov/legislative/LIS/roll_call_votes/vote1181/vote_118_1_00081.htm,Confirmed 67-26,
118,1,Amy Lefkowitz Solomon,Assistant Attorney General,PN69,,,2023-04-18,https://www.senate.gov/legislative/LIS/roll_call_votes/vote1181/vote_118_1_00086.htm,Confirmed 59-40,
118,1,Radha Iyengar Plumb,Deputy Under Secretary of Defense,PN5,,,2023-04-18,https://www.senate.gov/legislative/LIS/roll_call_votes/vote1181/vote_118_1_00084.htm,Confirmed 68-30,
118,1,Joshua David Jacobs,Under Secretary for Benefits of the Department of Veterans Affairs,PN195,,,2023-04-26,https://www.senate.gov/legislative/LIS/roll_call_votes/vote1181/vote_118_1_00096.htm,Confirmed 74-25,
118,1,Anthony Devos Johnstone,United States Circuit Judge for the Ninth Circuit,PN89,,,2023-05-01,https://www.senate.gov/legislative/LIS/roll_call_votes/vote1181/vote_118_1_00101.htm,Confirmed 49-45,
118,1,Robert Kirsch,United States District Judge for the District of New Jersey,PN96,,,2023-05-02,https://www.senate.gov/legislative/LIS/roll_call_votes/vote1181/vote_118_1_00105.htm,Confirmed 57-42,
118,1,Michael Farbiarz,U.S. District Judge for the District of New Jersey,PN97,,,2023-05-02,https://www.senate.gov/legislative/LIS/roll_call_votes/vote1181/vote_118_1_00104.htm,Confirmed 65-34,
118,1,Wesley L. Hsu,United States District Judge for the Central District of California,PN163,,,2023-05-03,https://www.senate.gov/legislative/LIS/roll_call_votes/vote1181/vote_118_1_00111.htm,Confirmed 53-43,
118,1,Orelia Eleta Merchant,United States District Judge for the Eastern District of New York,PN180,,,2023-05-03,https://www.senate.gov/legislative/LIS/roll_call_votes/vote1181/vote_118_1_00107.htm,Confirmed 51-48,
118,1,LaShonda A. Hunt,U.S. District Judge for the Northern District of Illinois,PN289,,,2023-05-04,https://www.senate.gov/legislative/LIS/roll_call_votes/vote1181/vote_118_1_00113.htm,Confirmed 56-41,
118,1,Geeta Rao Gupta,Ambassador at Large for Global Women's Issues,PN39,,,2023-05-10,https://www.senate.gov/legislative/LIS/roll_call_votes/vote1181/vote_118_1_00121.htm,Confirmed 51-47,
118,1,Colleen Joy Shogan,Archivist of the United States,PN68,,,2023-05-10,https://www.senate.gov/legislative/LIS/roll_call_votes/vote1181/vote_118_1_00120.htm,Confirmed 52-45,
118,1,Glenna Laureen Wright-Gallo,"Assistant Secretary for Special Education and Rehabilitation Services, Department of Education",PN156,,,2023-05-10,https://www.senate.gov/legislative/LIS/roll_call_votes/vote1181/vote_118_1_00119.htm,Confirmed 52-44,
118,1,L. Felice Gorordo,U.S. Alternate Executive Director of the International Bank for Reconstruction and Development,PN148,,,2023-05-10,https://www.senate.gov/legislative/LIS/roll_call_votes/vote1181/vote_118_1_00117.htm,Confirmed 52-45,
118,1,Bradley N. Garcia,U.S. Circuit Judge for the District of Columbia Circuit,PN93,,,2023-05-15,https://www.senate.gov/legislative/LIS/roll_call_votes/vote1181/vote_118_1_00125.htm,Confirmed 53-40,
118,1,Jeremy C. Daniel,U.S. District Judge for the Northern District of Illinois,PN450,,,2023-05-17,https://www.senate.gov/legislative/LIS/roll_call_votes/vote1181/vote_118_1_00128.htm,Confirmed 56-40,
118,1,Nancy G. Abudu,U.S. Circuit Judge for the Eleventh Circuit,PN95,,,2023-05-18,https://www.senate.gov/legislative/LIS/roll_call_votes/vote1181/vote_118_1_00132.htm,Confirmed 49-47,
118,1,Darrel James Papillion,U.S. District Judge for the Eastern District of Louisiana,PN455,,,2023-05-30,https://www.senate.gov/legislative/LIS/roll_call_votes/vote1181/vote_118_1_00133.htm,Confirmed 59-31,
118,1,David Crane,Under Secretary of Energy,PN18,,,2023-06-07,https://www.senate.gov/legislative/LIS/roll_call_votes/vote1181/vote_118_1_00148.htm,Confirmed 56-43,
118,1,Molly R. Silfen,Judge of the United States Court of Federal Claims,PN377,,,2023-06-08,https://www.senate.gov/legislative/LIS/roll_call_votes/vote1181/vote_118_1_00152.htm,Confirmed 55-39,
118,1,Dilawar Syed,Deputy Administrator of the Small Business Administration,PN99,,,2023-06-08,https://www.senate.gov/legislative/LIS/roll_call_votes/vote1181/vote_118_1_00150.htm,Confirmed 54-42,
118,1,Jared Bernstein,Chairman of the Council of Economic Advisors,PN383,,,2023-06-13,https://www.senate.gov/legislative/LIS/roll_call_votes/vote1181/vote_118_1_00158.htm,Confirmed 50-49,
118,1,Hernan D. Vera,U.S. District Judge for the Central District of California,PN87,,,2023-06-13,https://www.senate.gov/legislative/LIS/roll_call_votes/vote1181/vote_118_1_00157.htm,Confirmed 51-48,
118,1,Elizabeth Allen,Under Secretary of State for Public Diplomacy,PN138,,,2023-06-13,https://www.senate.gov/legislative/LIS/roll_call_votes/vote1181/vote_118_1_00154.htm,Confirmed 66-33,
118,1,Dale E. Ho,U.S. District Judge for the Southern District of New York,PN86,,,2023-06-14,https://www.senate.gov/legislative/LIS/roll_call_votes/vote1181/vote_118_1_00162.htm,Confirmed 50-49,
118,1,P. Casey Pitts,U.S. District Judge for the Northern District of California,PN177,,,2023-06-14,https://www.senate.gov/legislative/LIS/roll_call_votes/vote1181/vote_118_1_00161.htm,Confirmed 53-46,
118,1,Nusrat Jahan Choudhury,U.S. District Judge for the Eastern District of New York,PN83,,,2023-06-15,https://www.senate.gov/legislative/LIS/roll_call_votes/vote1181/vote_118_1_00164.htm,Confirmed 50-49,
118,1,Julie Rikelman,U.S. Circuit Judge for the First Circuit,PN90,,,2023-06-20,https://www.senate.gov/legislative/LIS/roll_call_votes/vote1181/vote_118_1_00166.htm,Confirmed 51-43,
118,1,Natasha C. Merle,U.S. District Judge for the Eastern District of New York,PN82,,,2023-06-21,https://www.senate.gov/legislative/LIS/roll_call_votes/vote1181/vote_118_1_00169.htm,Confirmed 50-49,
118,1,Kymberly Kathryn Evanson,U.S. District Judge for the Western District of Washington,PN168,,,2023-07-11,https://www.senate.gov/legislative/LIS/roll_call_votes/vote1181/vote_118_1_00178.htm,Confirmed 50-42,
118,1,Rosemarie Hidalgo,"Director of the Violence Against Women Office, Department of Justice",PN70,,,2023-07-11,https://www.senate.gov/legislative/LIS/roll_call_votes/vote1181/vote_118_1_00177.htm,Confirmed 51-42,
118,1,Xochitl Torres Small,Deputy Secretary of Agriculture,PN382,,,2023-07-11,https://www.senate.gov/legislative/LIS/roll_call_votes/vote1181/vote_118_1_00174.htm,Confirmed 84-8,
118,1,Myong J. Joun,U.S. District Judge for the District of Massachusetts,PN169,,,2023-07-12,https://www.senate.gov/legislative/LIS/roll_call_votes/vote1181/vote_118_1_00182.htm,Confirmed 52-46,
118,1,Tiffany M. Cartwright,U.S. District Judge for the Western District of Washington,PN81,,,2023-07-12,https://www.senate.gov/legislative/LIS/roll_call_votes/vote1181/vote_118_1_00180.htm,Confirmed 50-47,
118,1,Kalpana Kotagal,Member of the Equal Employment Opportunity Commission,PN64,,,2023-07-13,https://www.senate.gov/legislative/LIS/roll_call_votes/vote1181/vote_118_1_00184.htm,Confirmed 49-47,
118,1,Rachel Bloomekatz,U.S. Circuit Judge for the Sixth Circuit,PN94,,,2023-07-18,https://www.senate.gov/legislative/LIS/roll_call_votes/vote1181/vote_118_1_00187.htm,Confirmed 50-48,
118,1,David M. Uhlmann,Assistant Administrator of the Environmental Protection Agency,PN118,,,2023-07-20,https://www.senate.gov/legislative/LIS/roll_call_votes/vote1181/vote_118_1_00193.htm,Confirmed 53-46,
118,1,Lisa DeNell Cook,Member of the Board of Governors of the Federal Reserve System,PN644,,,2023-09-06,https://www.senate.gov/legislative/LIS/roll_call_votes/vote1181/vote_118_1_00218.htm,Confirmed 51-47,
118,1,Gwynne A. Wilcox,Member of the National Labor Relations Board,PN743,,,2023-09-06,https://www.senate.gov/legislative/LIS/roll_call_votes/vote1181/vote_118_1_00216.htm,Confirmed 51-48,
118,1,Philip Nathan Jefferson,Vice Chairman of the Board of Governors of the Federal Reserve System,PN645,,,2023-09-06,https://www.senate.gov/legislative/LIS/roll_call_votes/vote1181/vote_118_1_00214.htm,Confirmed 88-10,
118,1,Anna M. Gomez,Member of the Federal Communications Commission,PN673,,,2023-09-07,https://www.senate.gov/legislative/LIS/roll_call_votes/vote1181/vote_118_1_00222.htm,Confirmed 55-43,
118,1,Adriana Debora Kugler,Member of the Board of Governors of the Federal Reserve System,PN646,,,2023-09-07,https://www.senate.gov/legislative/LIS/roll_call_votes/vote1181/vote_118_1_00220.htm,Confirmed 53-45,
118,1,Jeffrey Irvine Cummings,U.S. District Judge for the Northern District of Illinois,PN287,,,2023-09-12,https://www.senate.gov/legislative/LIS/roll_call_votes/vote1181/vote_118_1_00226.htm,Confirmed 50-45,
118,1,Tanya J. Bradsher,Deputy Secretary of Veterans Affairs,PN551,,,2023-09-12,https://www.senate.gov/legislative/LIS/roll_call_votes/vote1181/vote_118_1_00224.htm,Confirmed 50-46,
118,1,Rita F. Lin,U.S. District Judge for the Northern District of California,PN173,,,2023-09-19,https://www.senate.gov/legislative/LIS/roll_call_votes/vote1181/vote_118_1_00232.htm,Confirmed 52-45,
118,1,Vernon D. Oliver,U.S. District Judge for the District of Connecticut,PN591,,,2023-09-19,https://www.senate.gov/legislative/LIS/roll_call_votes/vote1181/vote_118_1_00230.htm,Confirmed 53-44,
118,1,Tara K. McGrath,U.S. Attorney for the Southern District of California,PN453,,,2023-09-29,https://www.senate.gov/legislative/LIS/roll_call_votes/vote1181/vote_118_1_00245.htm,Confirmed 52-37,
118,1,Todd Gee,U.S. Attorney for the Southern District of Mississippi,PN183,,,2023-09-29,https://www.senate.gov/legislative/LIS/roll_call_votes/vote1181/vote_118_1_00244.htm,Confirmed 82-8,
118,1,Susan Kim DeClercq,U.S. District Judge for the Eastern District of Michigan,PN589,,,2023-10-04,https://www.senate.gov/legislative/LIS/roll_call_votes/vote1181/vote_118_1_00253.htm,Confirmed 52-42,
118,1,Brendan Abell Hurson,to be U.S. District Judge for the District of Maryland,PN451,,,2023-10-04,https://www.senate.gov/legislative/LIS/roll_call_votes/vote1181/vote_118_1_00251.htm,Confirmed 53-44,
118,1,James C. O'Brien,Assistant Secretary of State (European and Eurasian Affairs),PN676,,,2023-10-04,https://www.senate.gov/legislative/LIS/roll_call_votes/vote1181/vote_118_1_00249.htm,Confirmed 67-31,
118,1,Karla Ann Gilbride,General Counsel of the Equal Employment Opportunity Commission,PN65,,,2023-10-17,https://www.senate.gov/legislative/LIS/roll_call_votes/vote1181/vote_118_1_00259.htm,Confirmed 50-46,
118,1,Julia Kathleen Munley,U.S. District Judge for the Middle District of Pennsylvania,PN590,,,2023-10-17,https://www.senate.gov/legislative/LIS/roll_call_votes/vote1181/vote_118_1_00257.htm,Confirmed 52-45,
118,1,Jennifer L. Hall,U.S. District Judge for the District of Delaware,PN812,,,2023-10-17,https://www.senate.gov/legislative/LIS/roll_call_votes/vote1181/vote_118_1_00255.htm,Confirmed 67-29,
118,1,Michael G. Whitaker,Administrator of the Federal Aviation Administration,PN980,,,2023-10-24,https://www.senate.gov/legislative/LIS/roll_call_votes/vote1181/vote_118_1_00263.htm,Confirmed 98-0,
118,1,Jessica Looman,"Administrator of the Wage and Hour Division, Department of Labor",PN155,,,2023-10-25,https://www.senate.gov/legislative/LIS/roll_call_votes/vote1181/vote_118_1_00265.htm,Confirmed 51-46,
118,1,Jacob J. Lew,Ambassador of the United States of America to the State of Israel,PN1062,,,2023-10-31,https://www.senate.gov/legislative/LIS/roll_call_votes/vote1181/vote_118_1_00276.htm,Confirmed 53-43,
118,1,Matthew James Maddox,U.S. District Judge for the District of Maryland,PN452,,,2023-10-31,https://www.senate.gov/legislative/LIS/roll_call_votes/vote1181/vote_118_1_00274.htm,Confirmed 55-42,
118,1,Julia E. Kobick,U.S. District Judge for the District of Massachusetts,PN172,,,2023-11-07,https://www.senate.gov/legislative/LIS/roll_call_votes/vote1181/vote_118_1_00297.htm,Confirmed 52-46,
118,1,Kenly Kiya Kato,U.S. District Judge for the Central District of California,PN84,,,2023-11-07,https://www.senate.gov/legislative/LIS/roll_call_votes/vote1181/vote_118_1_00295.htm,Confirmed 51-46,
118,1,Monica M. Bertagnolli,"Director of the National Institutes of Health, Department of Health and Human Services",PN649,,,2023-11-07,https://www.senate.gov/legislative/LIS/roll_call_votes/vote1181/vote_118_1_00293.htm,Confirmed 62-36,
118,1,Charlotte A. Burrows,Member of the Equal Employment Opportunity Commission,PN786,,,2023-11-08,https://www.senate.gov/legislative/LIS/roll_call_votes/vote1181/vote_118_1_00301.htm,Confirmed 51-47,
118,1,"Ramon Ernesto Reyes, Jr.",U.S. District Judge for the Eastern District of New York,PN174,,,2023-11-08,https://www.senate.gov/legislative/LIS/roll_call_votes/vote1181/vote_118_1_00299.htm,Confirmed 51-48,
118,1,Brandy R. McMillion,U.S. District Judge for the Eastern District of Michigan,PN813,,,2023-11-09,https://www.senate.gov/legislative/LIS/roll_call_votes/vote1181/vote_118_1_00306.htm,Confirmed 53-42,
118,1,Monica Ramirez Almadani,U.S. District Judge for the District of California,PN165,,,2023-11-09,https://www.senate.gov/legislative/LIS/roll_call_votes/vote1181/vote_118_1_00305.htm,Confirmed 51-44,
118,1,Ana de Alba,United States Circuit Judge for the Ninth Circuit,PN499,,,2023-11-13,https://www.senate.gov/legislative/LIS/roll_call_votes/vote1181/vote_118_1_00308.htm,Confirmed 48-43,
118,1,Margaret M. Garnett,U.S. District Judge for the Southern District of New York,PN817,,,2023-11-28,https://www.senate.gov/legislative/LIS/roll_call_votes/vote1181/vote_118_1_00317.htm,Confirmed 49-46,
118,1,Jeffrey M. Bryan,U.S. District Judge for the District of Minnesota,PN903,,,2023-11-28,https://www.senate.gov/legislative/LIS/roll_call_votes/vote1181/vote_118_1_00315.htm,Confirmed 49-46,
118,1,Jamel Semper,U.S. District Judge for the District of New Jersey,PN1023,,,2023-11-29,https://www.senate.gov/legislative/LIS/roll_call_votes/vote1181/vote_118_1_00322.htm,Confirmed 54-44,
118,1,Micah W.J. Smith,U.S. District Judge for the District of Hawaii,PN1022,,,2023-11-29,https://www.senate.gov/legislative/LIS/roll_call_votes/vote1181/vote_118_1_00320.htm,Confirmed 57-41,
118,1,Shanlyn A.S. Park,U.S. District Judge for the District of Hawaii,PN1053,,,2023-11-30,https://www.senate.gov/legislative/LIS/roll_call_votes/vote1181/vote_118_1_00324.htm,Confirmed 53-45,
118,1,Irma Carrillo Ramirez,United States Circuit Judge for the Fifth Circuit,PN500,,,2023-12-04,https://www.senate.gov/legislative/LIS/roll_call_votes/vote1181/vote_118_1_00326.htm,Confirmed 80-12,
118,1,Loren L. AliKhan,U.S. District Judge for the District of Columbia,PN588,,,2023-12-05,https://www.senate.gov/legislative/LIS/roll_call_votes/vote1181/vote_118_1_00328.htm,Confirmed 50-50,
118,1,Nathalie Rayes,Ambassador to the Republic of Croatia,PN648,,,2023-12-06,https://www.senate.gov/legislative/LIS/roll_call_votes/vote1181/vote_118_1_00331.htm,Confirmed 53-47,
118,1,Richard E.N. Federico,United States Circuit Judge for the Tenth Circuit,PN904,,,2023-12-11,https://www.senate.gov/legislative/LIS/roll_call_votes/vote1181/vote_118_1_00336.htm,Confirmed 61-29,
118,1,"Harry Coker, Jr.",National Cyber Director,PN876,,,2023-12-12,https://www.senate.gov/legislative/LIS/roll_call_votes/vote1181/vote_118_1_00338.htm,Confirmed 59-40,
118,1,Brandon S. Long,U.S. District Judge for the Eastern District of Louisiana,PN771,,,2023-12-14,https://www.senate.gov/legislative/LIS/roll_call_votes/vote1181/vote_118_1_00346.htm,Confirmed 64-22,
118,1,"Jerry Edwards, Jr.",U.S. District Judge for the Western District of Louisiana,PN769,,,2023-12-14,https://www.senate.gov/legislative/LIS/roll_call_votes/vote1181/vote_118_1_00345.htm,Confirmed 66-24,
118,1,Martin O'Malley,Commissioner of the Social Security Administration,PN900,,,2023-12-18,https://www.senate.gov/legislative/LIS/roll_call_votes/vote1181/vote_118_1_00347.htm,Confirmed 50-11,
118,1,Elizabeth H. Richard,Coordinator for Counterterrorism,PN36,,,2023-12-19,https://www.senate.gov/legislative/LIS/roll_call_votes/vote1181/vote_118_1_00352.htm,Confirmed 49-15,
118,1,Sara E. Hill,U.S. District Judge for the Northern District of Oklahoma,PN1103,,,2023-12-19,https://www.senate.gov/legislative/LIS/roll_call_votes/vote1181/vote_118_1_00351.htm,Confirmed 52-14,
118,1,Christopher Charles Fonzone,Assistant Attorney General,PN981,,,2023-12-19,https://www.senate.gov/legislative/LIS/roll_call_votes/vote1181/vote_118_1_00349.htm,Confirmed 50-17,
118,2,John A. Kazen,U.S. District Judge for the Southern District of Texas,PN1020,,,2024-01-09,https://www.senate.gov/legislative/LIS/roll_call_votes/vote1182/vote_118_2_00002.htm,Confirmed 83-14,
118,2,S. Kato Crews,U.S. District Judge for the District of Colorado,PN376,,,2024-01-10,https://www.senate.gov/legislative/LIS/roll_call_votes/vote1182/vote_118_2_00004.htm,Confirmed 51-48,
118,2,Erika L. McEntarfer,Commissioner of Labor Statistics,PN837,,,2024-01-11,https://www.senate.gov/legislative/LIS/roll_call_votes/vote1182/vote_118_2_00007.htm,Confirmed 86-8,
118,2,Joel Matthew Szabat,Director of the Amtrak Board of Directors,PN13,,,2024-01-23,https://www.senate.gov/legislative/LIS/roll_call_votes/vote1182/vote_118_2_00017.htm,Confirmed 96-1,
118,2,Anthony Rosario Coscia,Director of the Amtrak Board of Directors,PN14,,,2024-01-23,https://www.senate.gov/legislative/LIS/roll_call_votes/vote1182/vote_118_2_00016.htm,Confirmed 79-18,
118,2,Christopher Koos,Director of the Amtrak Board of Directors,PN15,,,2024-01-23,https://www.senate.gov/legislative/LIS/roll_call_votes/vote1182/vote_118_2_00014.htm,Confirmed 91-7,
118,2,Cristal C. Brisco,U.S. District Judge for the Northern District of Indiana,PN1242,,,2024-01-24,https://www.senate.gov/legislative/LIS/roll_call_votes/vote1182/vote_118_2_00021.htm,Confirmed 67-32,
118,2,Jacquelyn D. Austin,U.S. District Judge for the District of South Carolina,PN1130,,,2024-01-24,https://www.senate.gov/legislative/LIS/roll_call_votes/vote1182/vote_118_2_00020.htm,Confirmed 80-17,
118,2,Gretchen S. Lund,U.S. District Judge for the Northern District of Indiana,PN1250,,,2024-01-25,https://www.senate.gov/legislative/LIS/roll_call_votes/vote1182/vote_118_2_00022.htm,Confirmed 87-6,
118,2,Joshua Paul Kolar,U.S. Circuit Judge for the Seventh Circuit,PN1246,,,2024-01-30,https://www.senate.gov/legislative/LIS/roll_call_votes/vote1182/vote_118_2_00025.htm,Confirmed 66-25,
118,2,Joseph Goffman,Assistant Administrator of the Environmental Protection Agency,PN119,,,2024-01-31,https://www.senate.gov/legislative/LIS/roll_call_votes/vote1182/vote_118_2_00030.htm,Confirmed 50-49,
118,2,Karoline Mehalchick,U.S. District Judge for the Middle District of Pennsylvania,PN816,,,2024-01-31,https://www.senate.gov/legislative/LIS/roll_call_votes/vote1182/vote_118_2_00028.htm,Confirmed 50-49,
118,2,Kirk Edward Sherriff,U.S. District Judge for the Eastern District of California.,PN1255,,,2024-01-31,https://www.senate.gov/legislative/LIS/roll_call_votes/vote1182/vote_118_2_00026.htm,Confirmed 54-45,
118,2,"Joseph Albert Laroski, Jr.",Judge of the United States Court of International Trade,PN1247,,,2024-02-05,https://www.senate.gov/legislative/LIS/roll_call_votes/vote1182/vote_118_2_00034.htm,Confirmed 76-0,
118,2,Amy M. Baggio,U.S. District Judge for the District of Oregon,PN1239,,,2024-02-06,https://www.senate.gov/legislative/LIS/roll_call_votes/vote1182/vote_118_2_00038.htm,Confirmed 54-44,
118,2,Kurt Campbell,Deputy Secretary of State,PN1113,,,2024-02-06,https://www.senate.gov/legislative/LIS/roll_call_votes/vote1182/vote_118_2_00036.htm,Confirmed 92-5,
118,2,Hampton Y. Dellinger,"Special Counsel, Office of Special Counsel",PN1233,,,2024-02-27,https://www.senate.gov/legislative/LIS/roll_call_votes/vote1182/vote_118_2_00054.htm,Confirmed 49-47,
118,2,David Seymour Leibowitz,U.S. District Judge for the Southern District of Florida,PN1249,,,2024-02-27,https://www.senate.gov/legislative/LIS/roll_call_votes/vote1182/vote_118_2_00052.htm,Confirmed 64-33,
118,2,Jacqueline Becerra,U.S. District Judge for the Southern District of Florida,PN1240,,,2024-02-27,https://www.senate.gov/legislative/LIS/roll_call_votes/vote1182/vote_118_2_00050.htm,Confirmed 56-40,
118,2,Melissa Damian,U.S. District Judge for the Southern District of Florida,PN1243,,,2024-02-28,https://www.senate.gov/legislative/LIS/roll_call_votes/vote1182/vote_118_2_00058.htm,Confirmed 77-20,
118,2,Julie Simone Sneed,U.S. District Judge for the Middle District of Florida,PN1256,,,2024-02-28,https://www.senate.gov/legislative/LIS/roll_call_votes/vote1182/vote_118_2_00056.htm,Confirmed 54-44,
118,2,Marjorie A. Rollinson,Chief Counsel for the Internal Revenue Service and an Assistant General Counsel in the Department of the Treasury,PN1217,,,2024-02-29,https://www.senate.gov/legislative/LIS/roll_call_votes/vote1182/vote_118_2_00060.htm,Confirmed 56-41,
118,2,Cathy Ann Harris,Chairman of the Merit Systems Protection Board,PN1234,,,2024-03-06,https://www.senate.gov/legislative/LIS/roll_call_votes/vote1182/vote_118_2_00073.htm,Confirmed 51-48,
118,2,Moshe Z. Marvit,Member of the Federal Mine Safety and Health Review Commission,PN1348,,,2024-03-06,https://www.senate.gov/legislative/LIS/roll_call_votes/vote1182/vote_118_2_00071.htm,Confirmed 50-49,
118,2,Ronald T. Keohane,Assistant Secretary of Defense,PN1213,,,2024-03-06,https://www.senate.gov/legislative/LIS/roll_call_votes/vote1182/vote_118_2_00069.htm,Confirmed 69-30,
118,2,Adrienne Jennings Noti,Associate Judge of the Superior Court of the District of Columbia,PN1349,,,2024-03-07,https://www.senate.gov/legislative/LIS/roll_call_votes/vote1182/vote_118_2_00076.htm,Confirmed 51-45,
118,2,Sean Patrick Maloney,Representative of the United States of America to the Organization for Economic Cooperation and Development,PN738,,,2024-03-12,https://www.senate.gov/legislative/LIS/roll_call_votes/vote1182/vote_118_2_00091.htm,Confirmed 63-31,
118,2,Melissa R. DuBose,U.S. District Judge for the District of Rhode Island,PN1403,,,2024-03-12,https://www.senate.gov/legislative/LIS/roll_call_votes/vote1182/vote_118_2_00090.htm,Confirmed 51-47,
118,2,Sunil R. Harjani,U.S. District Judge for the Northern District of Illinois,PN1404,,,2024-03-12,https://www.senate.gov/legislative/LIS/roll_call_votes/vote1182/vote_118_2_00088.htm,Confirmed 53-46,
118,2,Jasmine Hyejung Yoon,U.S. District Judge for the Western District of Virginia,PN1406,,,2024-03-12,https://www.senate.gov/legislative/LIS/roll_call_votes/vote1182/vote_118_2_00086.htm,Confirmed 55-41,
118,2,Dennis B. Hankins,Ambassador of the United States of America to the Republic of Haiti,PN675,,,2024-03-14,https://www.senate.gov/legislative/LIS/roll_call_votes/vote1182/vote_118_2_00092.htm,Confirmed 89-1,
118,2,Nicole G. Berner,U.S. Circuit Judge for the Fourth Circuit,PN1241,,,2024-03-19,https://www.senate.gov/legislative/LIS/roll_call_votes/vote1182/vote_118_2_00094.htm,Confirmed 50-47,
118,2,Eumi K. Lee,U.S. District Judge for the Northern District of California.,PN1248,,,2024-03-20,https://www.senate.gov/legislative/LIS/roll_call_votes/vote1182/vote_118_2_00098.htm,Confirmed 50-49,
118,2,Edward Sunyol Kiel,U.S. District Judge for the District of New Jersey,PN1245,,,2024-03-20,https://www.senate.gov/legislative/LIS/roll_call_votes/vote1182/vote_118_2_00096.htm,Confirmed 50-49,
118,2,Jose Javier Rodriguez,Assistant Secretary of Labor,PN157,,,2024-03-21,https://www.senate.gov/legislative/LIS/roll_call_votes/vote1182/vote_118_2_00100.htm,Confirmed 50-48,
118,2,Leon Schydlower,U.S. District Judge for the Western District of Texas,PN1428,,,2024-03-22,https://www.senate.gov/legislative/LIS/roll_call_votes/vote1182/vote_118_2_00104.htm,Confirmed 90-8,
118,2,Ernest Gonzalez,U.S. District Judge for the Western District of Texas,PN1427,,,2024-03-22,https://www.senate.gov/legislative/LIS/roll_call_votes/vote1182/vote_118_2_00102.htm,Confirmed 88-7,
118,2,Robert J. White,U.S. District Judge for the Eastern District of Michigan,PN1405,,,2024-04-09,https://www.senate.gov/legislative/LIS/roll_call_votes/vote1182/vote_118_2_00118.htm,Confirmed 58-42,
118,2,Susan M. Bazis,U.S. District Judge for the District of Nebraska,PN1291,,,2024-04-09,https://www.senate.gov/legislative/LIS/roll_call_votes/vote1182/vote_118_2_00116.htm,Confirmed 78-21,
118,2,Ann Marie McIff Allen,U.S. District Judge for the District of Utah,PN1290,,,2024-04-10,https://www.senate.gov/legislative/LIS/roll_call_votes/vote1182/vote_118_2_00120.htm,Confirmed 100-0,
118,2,Ramona Villagomez Manglona,Judge for the District Court for the Northern Mariana Islands,PN1252,,,2024-04-16,https://www.senate.gov/legislative/LIS/roll_call_votes/vote1182/vote_118_2_00127.htm,Confirmed 96-2,
118,2,Georgia N. Alexakis,U.S. District Judge for the Northern District of Illinois,PN1458,,,2024-05-01,https://www.senate.gov/legislative/LIS/roll_call_votes/vote1182/vote_118_2_00156.htm,Confirmed 54-44,
118,2,Donna Ann Welton,Ambassador of the United States of America to the Democratic Republic of Timor-Leste,PN35,,,2024-05-07,https://www.senate.gov/legislative/LIS/roll_call_votes/vote1182/vote_118_2_00159.htm,Confirmed 52-40,
118,2,Eric C. Schulte,U.S. District Judge for the District of South Dakota,PN1436,,,2024-05-15,https://www.senate.gov/legislative/LIS/roll_call_votes/vote1182/vote_118_2_00167.htm,Confirmed 61-33,
118,2,Sanket Jayshukh Bulsara,U.S. District Judge for the Eastern District of New York,PN1433,,,2024-05-15,https://www.senate.gov/legislative/LIS/roll_call_votes/vote1182/vote_118_2_00166.htm,Confirmed 51-42,
118,2,Courtney Diesel O'Donnell,"U.S. Representative to the United Nations Educational, Scientific, and Cultural Organization",PN927,,,2024-05-15,https://www.senate.gov/legislative/LIS/roll_call_votes/vote1182/vote_118_2_00164.htm,Confirmed 49-45,
118,2,Camela C. Theeler,U.S. District Judge for the District of South Dakota,PN1437,,,2024-05-16,https://www.senate.gov/legislative/LIS/roll_call_votes/vote1182/vote_118_2_00170.htm,Confirmed 90-4,
118,2,Seth Robert Aframe,U.S. Circuit Judge for the First Circuit,PN1238,,,2024-05-20,https://www.senate.gov/legislative/LIS/roll_call_votes/vote1182/vote_118_2_00172.htm,Confirmed 49-40,
118,2,Krissa M. Lanham,U.S. District Judge for the District of Arizona,PN1460,,,2024-05-21,https://www.senate.gov/legislative/LIS/roll_call_votes/vote1182/vote_118_2_00174.htm,Confirmed 66-26,
118,2,Dena M. Coggins,U.S. District Judge for the Eastern District of California,PN1434,,,2024-05-22,https://www.senate.gov/legislative/LIS/roll_call_votes/vote1182/vote_118_2_00179.htm,Confirmed 50-44,
118,2,Angela M. Martinez,U.S. District Judge for the District of Arizona,PN1462,,,2024-05-22,https://www.senate.gov/legislative/LIS/roll_call_votes/vote1182/vote_118_2_00177.htm,Confirmed 66-28,
118,2,Melissa Griffin Dalton,Under Secretary of the Air Force,PN1212,,,2024-05-23,https://www.senate.gov/legislative/LIS/roll_call_votes/vote1182/vote_118_2_00181.htm,Confirmed 56-39,
118,2,Tanya Monique Jones Bosier,Associate Judge of the Superior Court of the District of Columbia,PN1350,,,2024-06-04,https://www.senate.gov/legislative/LIS/roll_call_votes/vote1182/vote_118_2_00186.htm,Confirmed 57-41,
118,2,Christopher T. Hanson,Member of the Nuclear Regulatory Commission,PN1569,,,2024-06-04,https://www.senate.gov/legislative/LIS/roll_call_votes/vote1182/vote_118_2_00184.htm,Confirmed 81-17,
118,2,Judith E. Pipe,Associate Judge of the Superior Court of the District of Columbia,PN1354,,,2024-06-05,https://www.senate.gov/legislative/LIS/roll_call_votes/vote1182/vote_118_2_00188.htm,Confirmed 55-38,
118,2,Lindsay S. See,Member of the Federal Energy Regulatory Commission,PN1471,,,2024-06-12,https://www.senate.gov/legislative/LIS/roll_call_votes/vote1182/vote_118_2_00194.htm,Confirmed 83-12,
118,2,David Rosner,Member of the Federal Energy Regulatory Commission,PN1470,,,2024-06-12,https://www.senate.gov/legislative/LIS/roll_call_votes/vote1182/vote_118_2_00192.htm,Confirmed 67-27,
118,2,Judy W. Chang,Member of the Federal Energy Regulatory Commission,PN1469,,,2024-06-13,https://www.senate.gov/legislative/LIS/roll_call_votes/vote1182/vote_118_2_00196.htm,Confirmed 63-33,
118,2,Katherine E. Oler,Associate Judge of the Superior Court of the District of Columbia,PN1353,,,2024-06-18,https://www.senate.gov/legislative/LIS/roll_call_votes/vote1182/vote_118_2_00199.htm,Confirmed 52-42,
118,2,Stephanie Sanders Sullivan,Representative of the United States of America to the African Union,PN1343,,,2024-06-20,https://www.senate.gov/legislative/LIS/roll_call_votes/vote1182/vote_118_2_00201.htm,Confirmed 45-26,
118,2,Nancy L. Maldonado,U.S. Circuit Judge for the Seventh Circuit,PN1461,,,2024-07-08,https://www.senate.gov/legislative/LIS/roll_call_votes/vote1182/vote_118_2_00203.htm,Confirmed 47-43,
118,2,Patricia L. Lee,Member of the Defense Nuclear Facilities Safety Board,PN830,,,2024-07-09,https://www.senate.gov/legislative/LIS/roll_call_votes/vote1182/vote_118_2_00205.htm,Confirmed 54-41,
118,2,Anne Marie Wagner,Member of the Federal Labor Relations Authority,PN1357,,,2024-07-10,https://www.senate.gov/legislative/LIS/roll_call_votes/vote1182/vote_118_2_00210.htm,Confirmed 55-37,
118,2,"Charles J. Willoughby, Jr.",Associate Judge of the Superior Court of the District of Columbia,PN1355,,,2024-07-10,https://www.senate.gov/legislative/LIS/roll_call_votes/vote1182/vote_118_2_00208.htm,Confirmed 50-43,
118,2,Robin Michelle Meriweather,Judge of the U.S. Court of Federal Claims,PN1293,,,2024-07-11,https://www.senate.gov/legislative/LIS/roll_call_votes/vote1182/vote_118_2_00213.htm,Confirmed 52-39,
118,2,Colleen Duffy Kiko,Member of the Federal Labor Relations Authority,PN1236,,,2024-07-23,https://www.senate.gov/legislative/LIS/roll_call_votes/vote1182/vote_118_2_00214.htm,Confirmed 82-6,
118,2,Kashi Way,Judge of the United States Tax Court,PN1400,,,2024-07-25,https://www.senate.gov/legislative/LIS/roll_call_votes/vote1182/vote_118_2_00218.htm,Confirmed 79-16,
118,2,Adam B. Landy,Judge of the United States Tax Court,PN1401,,,2024-07-29,https://www.senate.gov/legislative/LIS/roll_call_votes/vote1182/vote_118_2_00220.htm,Confirmed 73-13,
118,2,Stacey D. Neumann,U.S. District Judge for the District of Maine,PN1654,,,2024-07-30,https://www.senate.gov/legislative/LIS/roll_call_votes/vote1182/vote_118_2_00223.htm,Confirmed 50-43,
118,2,"Joseph Francis Saporito, Jr.",U.S. District Judge for the Middle District of Pennsylvania,PN1750,,,2024-07-31,https://www.senate.gov/legislative/LIS/roll_call_votes/vote1182/vote_118_2_00227.htm,Confirmed 53-39,
118,2,Meredith A. Vacca,U.S. District Judge for the Western District of New York,PN1751,,,2024-07-31,https://www.senate.gov/legislative/LIS/roll_call_votes/vote1182/vote_118_2_00225.htm,Confirmed 50-41,
118,2,Dorothy Camille Shea,Deputy Representative of the U.S.A. to the United Nations and the Deputy Representative,PN1223,,,2024-08-01,https://www.senate.gov/legislative/LIS/roll_call_votes/vote1182/vote_118_2_00229.htm,Confirmed 59-34,
118,2,Jeannette A. Vargas,U.S. District Judge for the Southern District of New York.,PN1576,,,2024-09-10,https://www.senate.gov/legislative/LIS/roll_call_votes/vote1182/vote_118_2_00234.htm,Confirmed 51-43,
118,2,Adam B. Abelson,U.S. District Judge for the District of Maryland,PN1748,,,2024-09-10,https://www.senate.gov/legislative/LIS/roll_call_votes/vote1182/vote_118_2_00232.htm,Confirmed 53-43,
118,2,Mary Kay Lanthier,U.S. District Judge for the District of Vermont.,PN1807,,,2024-09-11,https://www.senate.gov/legislative/LIS/roll_call_votes/vote1182/vote_118_2_00236.htm,Confirmed 55-42,
118,2,Laura Margarete Provinzino,United States District Judge for the District of Minnesota.,PN1826,,,2024-09-12,https://www.senate.gov/legislative/LIS/roll_call_votes/vote1182/vote_118_2_00238.htm,Confirmed 54-41,
118,2,Kevin Gafford Ritz,U.S. Circuit Judge for the Sixth Circuit,PN1574,,,2024-09-16,https://www.senate.gov/legislative/LIS/roll_call_votes/vote1182/vote_118_2_00240.htm,Confirmed 48-46,
118,2,Mary Kathleen Costello,U.S. District Judge for the Eastern District of Pennsylvania,PN1825,,,2024-09-17,https://www.senate.gov/legislative/LIS/roll_call_votes/vote1182/vote_118_2_00243.htm,Confirmed 52-41,
118,2,Margaret L. Taylor,Legal Adviser of the Department of State,PN1344,,,2024-09-18,https://www.senate.gov/legislative/LIS/roll_call_votes/vote1182/vote_118_2_00246.htm,Confirmed 50-44,
118,2,Michelle Williams Court,U.S. District Judge for the Central District of California,PN1649,,,2024-09-18,https://www.senate.gov/legislative/LIS/roll_call_votes/vote1182/vote_118_2_00245.htm,Confirmed 49-44,
118,2,Rose E. Jenkins,Judge of the United States Tax Court,PN1399,,,2024-09-23,https://www.senate.gov/legislative/LIS/roll_call_votes/vote1182/vote_118_2_00249.htm,Confirmed 69-17,
118,2,Michael Sfraga,Ambassador at Large for Arctic Affairs.,PN1342,,,2024-09-24,https://www.senate.gov/legislative/LIS/roll_call_votes/vote1182/vote_118_2_00251.htm,Confirmed 55-36,
118,2,Byron B. Conway,U.S. District Judge for the Eastern District of Wisconsin,PN1902,,,2024-09-25,https://www.senate.gov/legislative/LIS/roll_call_votes/vote1182/vote_118_2_00254.htm,Confirmed 58-37,
118,2,April M. Perry,U.S. District Judge for the Northern District of Illinois.,PN1960,,,2024-11-12,https://www.senate.gov/legislative/LIS/roll_call_votes/vote1182/vote_118_2_00256.htm,Confirmed 51-44,
118,2,Jonathan E. Hawley,U.S. District Judge for the Central District of Illinois.,PN1903,,,2024-11-13,https://www.senate.gov/legislative/LIS/roll_call_votes/vote1182/vote_118_2_00258.htm,Confirmed 50-46,
118,2,David Huitema,Director of the Office of Government Ethics.,PN923,,,2024-11-14,https://www.senate.gov/legislative/LIS/roll_call_votes/vote1182/vote_118_2_00262.htm,Confirmed 50-46,
118,2,Cathy Fung,Judge of the United States Tax Court,PN1744,,,2024-11-14,https://www.senate.gov/legislative/LIS/roll_call_votes/vote1182/vote_118_2_00261.htm,Confirmed 59-37,
118,2,Embry J. Kidd,U.S. Circuit Judge for the Eleventh Circuit,PN1749,,,2024-11-18,https://www.senate.gov/legislative/LIS/roll_call_votes/vote1182/vote_118_2_00264.htm,Confirmed 49-45,
118,2,Sarah French Russell,U.S. District Judge for the District of Connecticut,PN1253,,,2024-11-19,https://www.senate.gov/legislative/LIS/roll_call_votes/vote1182/vote_118_2_00287.htm,Confirmed 50-44,
118,2,Mustafa Taher Kasubhai,U.S. District Judge for the District of Oregon,PN1244,,,2024-11-19,https://www.senate.gov/legislative/LIS/roll_call_votes/vote1182/vote_118_2_00285.htm,Confirmed 51-44,
118,2,Amir H. Ali,U.S. District Judge for the District of Columbia,PN1402,,,2024-11-20,https://www.senate.gov/legislative/LIS/roll_call_votes/vote1182/vote_118_2_00291.htm,Confirmed 50-49,
118,2,Rebecca L. Pennell,U.S. District Judge for the Eastern District of Washington,PN1573,,,2024-11-20,https://www.senate.gov/legislative/LIS/roll_call_votes/vote1182/vote_118_2_00289.htm,Confirmed 50-48,
118,2,Sharad Harshad Desai,U.S. District Judge for the District of Arizona,PN2041,,,2024-11-21,https://www.senate.gov/legislative/LIS/roll_call_votes/vote1182/vote_118_2_00303.htm,Confirmed 82-12,
118,2,Brian Edward Murphy,U.S. District Judge for the District of Massachusetts,PN1577,,,2024-12-02,https://www.senate.gov/legislative/LIS/roll_call_votes/vote1182/vote_118_2_00305.htm,Confirmed 47-45,
118,2,Anne Hwang,U.S. District Judge for the Central District of California,PN1651,,,2024-12-02,https://www.senate.gov/legislative/LIS/roll_call_votes/vote1182/vote_118_2_00304.htm,Confirmed 48-43,
118,2,Gail A. Weilheimer,U.S. District Judge for the Eastern District of Pennsylvania,PN1905,,,2024-12-03,https://www.senate.gov/legislative/LIS/roll_call_votes/vote1182/vote_118_2_00308.htm,Confirmed 50-48,
118,2,Catherine Henry,U.S. District Judge for the Eastern District of Pennsylvania,PN1806,,,2024-12-03,https://www.senate.gov/legislative/LIS/roll_call_votes/vote1182/vote_118_2_00307.htm,Confirmed 50-48,
118,2,Sparkle L. Sooknanan,U.S. District Judge for the District of Columbia,PN1463,,,2024-12-03,https://www.senate.gov/legislative/LIS/roll_call_votes/vote1182/vote_118_2_00306.htm,Confirmed 50-48,
118,2,Elizabeth C. Coombe,U.S. District Judge for the Northern District of New York,PN2039,,,2024-12-04,https://www.senate.gov/legislative/LIS/roll_call_votes/vote1182/vote_118_2_00312.htm,Confirmed 52-45,
118,2,Anthony J. Brindisi,U.S. District Judge for the Northern District of New York,PN2015,,,2024-12-04,https://www.senate.gov/legislative/LIS/roll_call_votes/vote1182/vote_118_2_00310.htm,Confirmed 50-49,
118,2,Sarah Morgan Davenport,U.S. District Judge for the District of New Mexico,PN2040,,,2024-12-05,https://www.senate.gov/legislative/LIS/roll_call_votes/vote1182/vote_118_2_00314.htm,Confirmed 52-45,
118,2,Tiffany Rene Johnson,U.S. District Judge for the Northern District of Georgia,PN2016,,,2024-12-09,https://www.senate.gov/legislative/LIS/roll_call_votes/vote1182/vote_118_2_00317.htm,Confirmed 48-44,
118,2,Cynthia Valenzuela Dixon,U.S. District Judge for the Central District of California,PN1650,,,2024-12-10,https://www.senate.gov/legislative/LIS/roll_call_votes/vote1182/vote_118_2_00319.htm,Confirmed 49-47,
118,2,Keli Marie Neary,U.S. District Judge for the Middle District of Pennsylvania,PN2017,,,2024-12-10,https://www.senate.gov/legislative/LIS/roll_call_votes/vote1182/vote_118_2_00318.htm,Confirmed 49-48,
118,2,Noel Wise,U.S. District Judge for the Northern District of California,PN1827,,,2024-12-11,https://www.senate.gov/legislative/LIS/roll_call_votes/vote1182/vote_118_2_00321.htm,Confirmed 50-47,
118,2,Matthew James Marzano,Member of the Nuclear Regulatory Commission,PN1980,,,2024-12-12,https://www.senate.gov/legislative/LIS/roll_call_votes/vote1182/vote_118_2_00323.htm,Confirmed 50-45,
118,2,Serena Raquel Murillo,U.S. District Judge for the Central District of California,PN2245,,,2024-12-20,https://www.senate.gov/legislative/LIS/roll_call_votes/vote1182/vote_118_2_00332.htm,Confirmed 49-47,
118,2,Benjamin J. Cheeks,U.S. District Judge for the Southern District of California,PN2244,,,2024-12-20,https://www.senate.gov/legislative/LIS/roll_call_votes/vote1182/vote_118_2_00330.htm,Confirmed 49-47,
119,1,Marco Rubio,Secretary of State,PN11-13,2025-01-20,https://www.congress.gov/nomination/119th-congress/11,2025-01-20,https://www.senate.gov/legislative/LIS/roll_call_votes/vote1191/vote_119_1_00008.htm,Confirmed 99-0,
119,1,John Ratcliffe,Director of the Central Intelligence Agency,PN11-19,2025-01-20,https://www.congress.gov/nomination/119th-congress/11,2025-01-23,https://www.senate.gov/legislative/LIS/roll_call_votes/vote1191/vote_119_1_00013.htm,Confirmed 74-25,
119,1,Peter Hegseth,Secretary of Defense,PN11-7,2025-01-20,https://www.congress.gov/nomination/119th-congress/11,2025-01-24,https://www.senate.gov/legislative/LIS/roll_call_votes/vote1191/vote_119_1_00015.htm,Confirmed 50-50,
119,1,Kristi Noem,Secretary of Homeland Security,PN11-11,2025-01-20,https://www.congress.gov/nomination/119th-congress/11,2025-01-25,https://www.senate.gov/legislative/LIS/roll_call_votes/vote1191/vote_119_1_00017.htm,Confirmed 59-34,
119,1,Scott Bessent,Secretary of the Treasury,PN11-1,2025-01-20,https://www.congress.gov/nomination/119th-congress/11,2025-01-27,https://www.senate.gov/legislative/LIS/roll_call_votes/vote1191/vote_119_1_00019.htm,Confirmed 68-29,
119,1,Sean Duffy,Secretary of Transportation,PN11-6,2025-01-20,https://www.congress.gov/nomination/119th-congress/11,2025-01-28,https://www.senate.gov/legislative/LIS/roll_call_votes/vote1191/vote_119_1_00021.htm,Confirmed 77-22,
119,1,Lee Zeldin,Administrator of the Environmental Protection Agency,PN11-23,2025-01-20,https://www.congress.gov/nomination/119th-congress/11,2025-01-29,https://www.senate.gov/legislative/LIS/roll_call_votes/vote1191/vote_119_1_00024.htm,Confirmed 56-42,
119,1,Douglas Burgum,Secretary of the Interior,PN11-3,2025-01-20,https://www.congress.gov/nomination/119th-congress/11,2025-01-30,https://www.senate.gov/legislative/LIS/roll_call_votes/vote1191/vote_119_1_00026.htm,Confirmed 80-17,
119,1,Christopher Wright,Secretary of Energy,PN11-15,2025-01-20,https://www.congress.gov/nomination/119th-congress/11,2025-02-03,https://www.senate.gov/legislative/LIS/roll_call_votes/vote1191/vote_119_1_00030.htm,Confirmed 59-38,
119,1,Pamela Bondi,Attorney General,PN11-2,2025-01-20,https://www.congress.gov/nomination/119th-congress/11,2025-02-04,https://www.senate.gov/legislative/LIS/roll_call_votes/vote1191/vote_119_1_00033.htm,Confirmed 54-46,
119,1,Douglas Collins,Secretary of Veterans Affairs,PN11-5,2025-01-20,https://www.congress.gov/nomination/119th-congress/11,2025-02-04,https://www.senate.gov/legislative/LIS/roll_call_votes/vote1191/vote_119_1_00032.htm,Confirmed 77-23,
119,1,Eric Turner,Secretary of Housing and Urban Development,PN11-14,2025-01-20,https://www.congress.gov/nomination/119th-congress/11,2025-02-05,https://www.senate.gov/legislative/LIS/roll_call_votes/vote1191/vote_119_1_00035.htm,Confirmed 55-44,
119,1,Russell Vought,Director of the Office of Management and Budget,PN11-22,2025-01-20,https://www.congress.gov/nomination/119th-congress/11,2025-02-06,https://www.senate.gov/legislative/LIS/roll_call_votes/vote1191/vote_119_1_00037.htm,Confirmed 53-47,
119,1,Tulsi Gabbard,Director of National Intelligence,PN11-16,2025-01-20,https://www.congress.gov/nomination/119th-congress/11,2025-02-12,https://www.senate.gov/legislative/LIS/roll_call_votes/vote1191/vote_119_1_00050.htm,Confirmed 52-48,
119,1,Brooke Rollins,Secretary of Agriculture,PN11-12,2025-01-20,https://www.congress.gov/nomination/119th-congress/11,2025-02-13,https://www.senate.gov/legislative/LIS/roll_call_votes/vote1191/vote_119_1_00053.htm,Confirmed 72-28,
119,1,"Robert F. Kennedy, Jr.",Secretary of Health and Human Services,PN11-8,2025-01-20,https://www.congress.gov/nomination/119th-congress/11,2025-02-13,https://www.senate.gov/legislative/LIS/roll_call_votes/vote1191/vote_119_1_00052.htm,Confirmed 52-48,
119,1,Howard Lutnick,Secretary of Commerce,PN11-9,2025-01-20,https://www.congress.gov/nomination/119th-congress/11,2025-02-18,https://www.senate.gov/legislative/LIS/roll_call_votes/vote1191/vote_119_1_00057.htm,Confirmed 51-45,
119,1,Kelly Loeffler,Administrator of the Small Business Administration,PN11-18,2025-01-20,https://www.congress.gov/nomination/119th-congress/11,2025-02-19,https://www.senate.gov/legislative/LIS/roll_call_votes/vote1191/vote_119_1_00059.htm,Confirmed 52-46,
119,1,Kashyap Patel,Director of the Federal Bureau of Investigation,PN12-35,2025-01-20,https://www.congress.gov/nomination/119th-congress/12,2025-02-20,https://www.senate.gov/legislative/LIS/roll_call_votes/vote1191/vote_119_1_00061.htm,Confirmed 51-49,Christopher A
119,1,Daniel Driscoll,Secretary of the Army,PN12-12,2025-01-20,https://www.congress.gov/nomination/119th-congress/12,2025-02-25,https://www.senate.gov/legislative/LIS/roll_call_votes/vote1191/vote_119_1_00090.htm,Confirmed 66-28,Christine Elizabeth Wormuth
119,1,Jamieson Greer,U.S. Trade Representative,PN11-17,2025-01-20,https://www.congress.gov/nomination/119th-congress/11,2025-02-26,https://www.senate.gov/legislative/LIS/roll_call_votes/vote1191/vote_119_1_00094.htm,Confirmed 56-43,
119,1,Linda McMahon,Secretary of Education,PN11-10,2025-01-20,https://www.congress.gov/nomination/119th-congress/11,2025-03-03,https://www.senate.gov/legislative/LIS/roll_call_votes/vote1191/vote_119_1_00099.htm,Confirmed 51-45,
119,1,Todd Blanche,Deputy Attorney General,PN12-5,2025-01-20,https://www.congress.gov/nomination/119th-congress/12,2025-03-05,https://www.senate.gov/legislative/LIS/roll_call_votes/vote1191/vote_119_1_00105.htm,Confirmed 52-46,Lisa O
119,1,Troy Edgar,Deputy Secretary of Homeland Security,PN12-14,2025-01-20,https://www.congress.gov/nomination/119th-congress/12,2025-03-06,https://www.senate.gov/legislative/LIS/roll_call_votes/vote1191/vote_119_1_00108.htm,Confirmed 53-43,John K
119,1,Lori Chavez-DeRemer,Secretary of Labor,PN11-4,2025-01-20,https://www.congress.gov/nomination/119th-congress/11,2025-03-10,https://www.senate.gov/legislative/LIS/roll_call_votes/vote1191/vote_119_1_00111.htm,Confirmed 67-32,
119,1,Abigail Slater,Assistant Attorney General,PN12-41,2025-01-20,https://www.congress.gov/nomination/119th-congress/12,2025-03-11,https://www.senate.gov/legislative/LIS/roll_call_votes/vote1191/vote_119_1_00115.htm,Confirmed 78-19,Jonathan Kanter
119,1,Stephen Bradbury,Deputy Secretary of Transportation,PN13-2,2025-01-22,https://www.congress.gov/nomination/119th-congress/13,2025-03-11,https://www.senate.gov/legislative/LIS/roll_call_votes/vote1191/vote_119_1_00113.htm,Confirmed 51-46,Polly Ellen Trottenberg
119,1,Keith Sonderling,Deputy Secretary of Labor,PN12-42,2025-01-20,https://www.congress.gov/nomination/119th-congress/12,2025-03-12,https://www.senate.gov/legislative/LIS/roll_call_votes/vote1191/vote_119_1_00119.htm,Confirmed 53-46,Julie A
119,1,Stephen Miran,Chairman of the Council of Economic Advisers,PN19,2025-01-28,https://www.congress.gov/nomination/119th-congress/19,2025-03-12,https://www.senate.gov/legislative/LIS/roll_call_votes/vote1191/vote_119_1_00117.htm,Confirmed 53-46,Jared Bernstein
119,1,Jeffrey Kessler,Under Secretary of Commerce for Industry and Security,PN22-12,2025-02-03,https://www.congress.gov/nomination/119th-congress/22,2025-03-13,https://www.senate.gov/legislative/LIS/roll_call_votes/vote1191/vote_119_1_00123.htm,Confirmed 54-45,Alan F
119,1,William Pulte,Director of the Federal Housing Finance Agency,PN13-12,2025-01-22,https://www.congress.gov/nomination/119th-congress/13,2025-03-13,https://www.senate.gov/legislative/LIS/roll_call_votes/vote1191/vote_119_1_00121.htm,Confirmed 56-43,Sandra L
119,1,Stephen Feinberg,Deputy Secretary of Defense,PN12-16,2025-01-20,https://www.congress.gov/nomination/119th-congress/12,2025-03-14,https://www.senate.gov/legislative/LIS/roll_call_votes/vote1191/vote_119_1_00126.htm,Confirmed 59-40,Kathleen Holland Hicks
119,1,Christopher Landau,Deputy Secretary of State,PN12-25,2025-01-20,https://www.congress.gov/nomination/119th-congress/12,2025-03-24,https://www.senate.gov/legislative/LIS/roll_call_votes/vote1191/vote_119_1_00137.htm,Confirmed 60-31,Kurt Campbell
119,1,John Phelan,Secretary of the Navy,PN12-36,2025-01-20,https://www.congress.gov/nomination/119th-congress/12,2025-03-24,https://www.senate.gov/legislative/LIS/roll_call_votes/vote1191/vote_119_1_00136.htm,Confirmed 62-30,Carlos Del Toro
119,1,Martin Makary,Commissioner of Food and Drugs,PN12-28,2025-01-20,https://www.congress.gov/nomination/119th-congress/12,2025-03-25,https://www.senate.gov/legislative/LIS/roll_call_votes/vote1191/vote_119_1_00143.htm,Confirmed 56-44,Robert McKinnon Califf
119,1,Jayanta Bhattacharya,Director of the National Institutes of Health,PN12-2,2025-01-20,https://www.congress.gov/nomination/119th-congress/12,2025-03-25,https://www.senate.gov/legislative/LIS/roll_call_votes/vote1191/vote_119_1_00141.htm,Confirmed 53-47,Monica M
119,1,Michael Kratsios,Director of the Office of Science and Technology Policy,PN13-8,2025-01-22,https://www.congress.gov/nomination/119th-congress/13,2025-03-25,https://www.senate.gov/legislative/LIS/roll_call_votes/vote1191/vote_119_1_00139.htm,Confirmed 74-25,Arati Prabhakar
119,1,Michael Faulkender,Deputy Secretary of the Treasury,PN12-15,2025-01-20,https://www.congress.gov/nomination/119th-congress/12,2025-03-26,https://www.senate.gov/legislative/LIS/roll_call_votes/vote1191/vote_119_1_00149.htm,Confirmed 53-43,Adewale O
119,1,Aaron Reitz,Assistant Attorney General,PN12-37,2025-01-20,https://www.congress.gov/nomination/119th-congress/12,2025-03-26,https://www.senate.gov/legislative/LIS/roll_call_votes/vote1191/vote_119_1_00147.htm,Confirmed 52-46,
119,1,James Bishop,Deputy Director of the Office of Management and Budget,PN12-3,2025-01-20,https://www.congress.gov/nomination/119th-congress/12,2025-03-26,https://www.senate.gov/legislative/LIS/roll_call_votes/vote1191/vote_119_1_00145.htm,Confirmed 53-45,Nani A
119,1,Paul Lawrence,Deputy Secretary of Veterans Affairs,PN13-9,2025-01-22,https://www.congress.gov/nomination/119th-congress/13,2025-03-27,https://www.senate.gov/legislative/LIS/roll_call_votes/vote1191/vote_119_1_00155.htm,Confirmed 51-45,Tanya J
119,1,Matthew Whitaker,United States Permanent Representative on the Council of the North Atlantic Treaty Organization,PN25-56,2025-02-11,https://www.congress.gov/nomination/119th-congress/25,2025-04-01,https://www.senate.gov/legislative/LIS/roll_call_votes/vote1191/vote_119_1_00157.htm,Confirmed 52-45,
119,1,Harmeet Dhillon,Assistant Attorney General,PN12-11,2025-01-20,https://www.congress.gov/nomination/119th-congress/12,2025-04-03,https://www.senate.gov/legislative/LIS/roll_call_votes/vote1191/vote_119_1_00168.htm,Confirmed 52-45,Kristen M
119,1,Mehmet Oz,Administrator of the Centers for Medicare and Medicaid Services,PN12-34,2025-01-20,https://www.congress.gov/nomination/119th-congress/12,2025-04-03,https://www.senate.gov/legislative/LIS/roll_call_votes/vote1191/vote_119_1_00167.htm,Confirmed 53-45,Chiquita Brooks-LaSure
119,1,Dean Sauer,Solicitor General of the United States,PN12-39,2025-01-20,https://www.congress.gov/nomination/119th-congress/12,2025-04-03,https://www.senate.gov/legislative/LIS/roll_call_votes/vote1191/vote_119_1_00163.htm,Confirmed 52-45,Elizabeth Prelogar
119,1,George Glass,Ambassador Extraordinary and Plenipotentiary of the United States of America to Japan,PN25-14,2025-02-11,https://www.congress.gov/nomination/119th-congress/25,2025-04-08,https://www.senate.gov/legislative/LIS/roll_call_votes/vote1191/vote_119_1_00195.htm,Confirmed 66-32,
119,1,Elbridge Colby,Under Secretary of Defense for Policy,PN12-9,2025-01-20,https://www.congress.gov/nomination/119th-congress/12,2025-04-08,https://www.senate.gov/legislative/LIS/roll_call_votes/vote1191/vote_119_1_00193.htm,Confirmed 54-45,Colin Hackett Kahl
119,1,Paul Atkins,Member of the Securities and Exchange Commission,PN12-18,2025-01-20,https://www.congress.gov/nomination/119th-congress/12,2025-04-09,https://www.senate.gov/legislative/LIS/roll_call_votes/vote1191/vote_119_1_00205.htm,Confirmed 52-44,Gary Gensler
119,1,Kevin Cabrera,Ambassador Extrodinary and Plenipotentiary of the United States of America to the Republic of Panama,PN25-6,2025-02-11,https://www.congress.gov/nomination/119th-congress/25,2025-04-09,https://www.senate.gov/legislative/LIS/roll_call_votes/vote1191/vote_119_1_00204.htm,Confirmed 51-45,
119,1,Ronald Johnson,Ambassador Extraordinary and Plenipotentiary of the United States of America to the United Mexican States,PN25-22,2025-02-11,https://www.congress.gov/nomination/119th-congress/25,2025-04-09,https://www.senate.gov/legislative/LIS/roll_call_votes/vote1191/vote_119_1_00203.htm,Confirmed 49-46,
119,1,Peter Hoekstra,Ambassador Extraordinary and Plenipotentiary of the United States of America to Canada,PN25-18,2025-02-11,https://www.congress.gov/nomination/119th-congress/25,2025-04-09,https://www.senate.gov/legislative/LIS/roll_call_votes/vote1191/vote_119_1_00202.htm,Confirmed 60-37,
119,1,Mike Huckabee,Ambassador Extraordinary and Plenipotentiary of the United States of America to Israel,PN25-20,2025-02-11,https://www.congress.gov/nomination/119th-congress/25,2025-04-09,https://www.senate.gov/legislative/LIS/roll_call_votes/vote1191/vote_119_1_00201.htm,Confirmed 53-46,
119,1,Mark Meador,Federal Trade Commissioner,PN12-29,2025-01-20,https://www.congress.gov/nomination/119th-congress/12,2025-04-10,https://www.senate.gov/legislative/LIS/roll_call_votes/vote1191/vote_119_1_00209.htm,Confirmed 50-46,Lina M
119,1,Tilman Fertitta,Ambassador of the United States of America to the Italian Republic and the Republic of San Marino,PN26-18,2025-03-10,https://www.congress.gov/nomination/119th-congress/26,2025-04-29,https://www.senate.gov/legislative/LIS/roll_call_votes/vote1191/vote_119_1_00221.htm,Confirmed 83-14,
119,1,Thomas Barrack,Ambassador of the United States of America to the Republic of Turkey,PN26-3,2025-03-10,https://www.congress.gov/nomination/119th-congress/26,2025-04-29,https://www.senate.gov/legislative/LIS/roll_call_votes/vote1191/vote_119_1_00219.htm,Confirmed 60-36,
119,1,Warren Stephens,Ambassador of the United States of America to the United Kingdom of Great Britain and Northern Ireland,PN24-5,2025-02-11,https://www.congress.gov/nomination/119th-congress/24,2025-04-29,https://www.senate.gov/legislative/LIS/roll_call_votes/vote1191/vote_119_1_00217.htm,Confirmed 59-39,
119,1,David Perdue,Ambassador of the United States of America to the People's Republic of China,PN54-5,2025-03-24,https://www.congress.gov/nomination/119th-congress/54,2025-04-29,https://www.senate.gov/legislative/LIS/roll_call_votes/vote1191/vote_119_1_00215.htm,Confirmed 67-29,
119,1,Frank Bisignano,Commissioner of Social Security Administration,PN20,2025-01-28,https://www.congress.gov/nomination/119th-congress/20,2025-05-06,https://www.senate.gov/legislative/LIS/roll_call_votes/vote1191/vote_119_1_00234.htm,Confirmed 53-47,Martin O'Malley
119,1,Monica Crowley,Chief of Protocol and to have the rank of Ambassador,PN12-10,2025-01-20,https://www.congress.gov/nomination/119th-congress/12,2025-05-12,https://www.senate.gov/legislative/LIS/roll_call_votes/vote1191/vote_119_1_00242.htm,Confirmed 52-45,Rufus Gifford
119,1,James Danly,Deputy Secretary of Energy,PN13-4,2025-01-22,https://www.congress.gov/nomination/119th-congress/13,2025-05-13,https://www.senate.gov/legislative/LIS/roll_call_votes/vote1191/vote_119_1_00248.htm,Confirmed 52-44,David Turk
119,1,Troy Meink,Secretary of the Air Force,PN12-30,2025-01-20,https://www.congress.gov/nomination/119th-congress/12,2025-05-13,https://www.senate.gov/legislative/LIS/roll_call_votes/vote1191/vote_119_1_00246.htm,Confirmed 74-25,Frank Kendall III
119,1,Reed Rubinstein,Legal Adviser of the Department of State,PN25-50,2025-02-11,https://www.congress.gov/nomination/119th-congress/25,2025-05-13,https://www.senate.gov/legislative/LIS/roll_call_votes/vote1191/vote_119_1_00244.htm,Confirmed 52-46,Margaret L
119,1,Eric Matthew Ueland,"Deputy Director for Management, Office of Management and Budget",PN26-46,2025-03-10,https://www.congress.gov/nomination/119th-congress/26,2025-05-14,https://www.senate.gov/legislative/LIS/roll_call_votes/vote1191/vote_119_1_00256.htm,Confirmed 52-45,Jason Scott Miller
119,1,Emil Michael,Under Secretary of Defense for Research and Engineering,PN12-31,2025-01-20,https://www.congress.gov/nomination/119th-congress/12,2025-05-14,https://www.senate.gov/legislative/LIS/roll_call_votes/vote1191/vote_119_1_00254.htm,Confirmed 54-43,Heidi Shyu
119,1,Michael Rigas,Deputy Secretary of State for Management and Resources,PN12-38,2025-01-20,https://www.congress.gov/nomination/119th-congress/12,2025-05-14,https://www.senate.gov/legislative/LIS/roll_call_votes/vote1191/vote_119_1_00252.htm,Confirmed 51-46,Richard R
119,1,Katharine MacGregor,Deputy Secretary of the Interior,PN13-10,2025-01-22,https://www.congress.gov/nomination/119th-congress/13,2025-05-14,https://www.senate.gov/legislative/LIS/roll_call_votes/vote1191/vote_119_1_00250.htm,Confirmed 54-40,Tommy P
119,1,Sean Donahue,Assistant Administrator of the Environmental Protection Agency,PN25-11,2025-02-11,https://www.congress.gov/nomination/119th-congress/25,2025-05-15,https://www.senate.gov/legislative/LIS/roll_call_votes/vote1191/vote_119_1_00258.htm,Confirmed 51-46,Jeffrey M
119,1,Charles Kushner,Ambassador of the United States of America to the French Republic and the Principality of Monaco,PN24-4,2025-02-11,https://www.congress.gov/nomination/119th-congress/24,2025-05-19,https://www.senate.gov/legislative/LIS/roll_call_votes/vote1191/vote_119_1_00261.htm,Confirmed 51-45,
119,1,Dale Marks,Assistant Secretary of Defense,PN22-16,2025-02-03,https://www.congress.gov/nomination/119th-congress/22,2025-06-03,https://www.senate.gov/legislative/LIS/roll_call_votes/vote1191/vote_119_1_00287.htm,Confirmed 72-26,Brendan Owens
119,1,Allison Hooker,Under Secretary of State (Political Affairs),PN25-19,2025-02-11,https://www.congress.gov/nomination/119th-congress/25,2025-06-03,https://www.senate.gov/legislative/LIS/roll_call_votes/vote1191/vote_119_1_00285.htm,Confirmed 59-36,Victoria Nuland
119,1,Michael Duffey,Under Secretary of Defense for Acquisition and Sustainment,PN17,2025-01-28,https://www.congress.gov/nomination/119th-congress/17,2025-06-03,https://www.senate.gov/legislative/LIS/roll_call_votes/vote1191/vote_119_1_00283.htm,Confirmed 51-46,William A
119,1,Edward Walsh,Ambassador of the United States of America to Ireland,PN55-47,2025-03-24,https://www.congress.gov/nomination/119th-congress/55,2025-06-04,https://www.senate.gov/legislative/LIS/roll_call_votes/vote1191/vote_119_1_00292.htm,Confirmed 57-38,
119,1,Michelle Bowman,Vice Chairman for Supervision of the Board of Governors of the Federal Reserve System,PN55-9,2025-03-24,https://www.congress.gov/nomination/119th-congress/55,2025-06-04,https://www.senate.gov/legislative/LIS/roll_call_votes/vote1191/vote_119_1_00291.htm,Confirmed 48-46,Michael S
119,1,John Andrew Eisenberg,Assistant Attorney General,PN26-16,2025-03-10,https://www.congress.gov/nomination/119th-congress/26,2025-06-05,https://www.senate.gov/legislative/LIS/roll_call_votes/vote1191/vote_119_1_00295.htm,Confirmed 52-43,Matthew G
119,1,James O'Neill,Deputy Secretary of Health and Human Services,PN12-33,2025-01-20,https://www.congress.gov/nomination/119th-congress/12,2025-06-05,https://www.senate.gov/legislative/LIS/roll_call_votes/vote1191/vote_119_1_00293.htm,Confirmed 52-43,Andrea Joan Palm
119,1,Brett Shumate,Assistant Attorney General,PN26-43,2025-03-10,https://www.congress.gov/nomination/119th-congress/26,2025-06-09,https://www.senate.gov/legislative/LIS/roll_call_votes/vote1191/vote_119_1_00297.htm,Confirmed 51-41,Joseph H
119,1,Andrew Hughes,Deputy Secretary of Housing and Urban Development,PN26-20,2025-03-10,https://www.congress.gov/nomination/119th-congress/26,2025-06-10,https://www.senate.gov/legislative/LIS/roll_call_votes/vote1191/vote_119_1_00303.htm,Confirmed 51-43,Adrianne Todman
119,1,Stephen Vaden,Deputy Secretary of Agriculture,PN12-43,2025-01-20,https://www.congress.gov/nomination/119th-congress/12,2025-06-10,https://www.senate.gov/legislative/LIS/roll_call_votes/vote1191/vote_119_1_00301.htm,Confirmed 51-44,Xochitl Torres Small
119,1,David Fotouhi,Deputy Administrator of the Environmental Protection Agency,PN13-6,2025-01-22,https://www.congress.gov/nomination/119th-congress/13,2025-06-10,https://www.senate.gov/legislative/LIS/roll_call_votes/vote1191/vote_119_1_00299.htm,Confirmed 53-41,Janet Garvin McCabe
119,1,William Long,Commissioner of Internal Revenue,PN12-27,2025-01-20,https://www.congress.gov/nomination/119th-congress/12,2025-06-12,https://www.senate.gov/legislative/LIS/roll_call_votes/vote1191/vote_119_1_00308.htm,Confirmed 53-44,Daniel I
119,1,Olivia Trusty,Member of the Federal Communications Commission,PN24-6,2025-02-11,https://www.congress.gov/nomination/119th-congress/24,2025-06-17,https://www.senate.gov/legislative/LIS/roll_call_votes/vote1191/vote_119_1_00317.htm,Confirmed 53-45,Jessica Rosenworcel
119,1,Gary Andres,Assistant Secretary of Health and Human Services,PN25-1,2025-02-11,https://www.congress.gov/nomination/119th-congress/25,2025-06-17,https://www.senate.gov/legislative/LIS/roll_call_votes/vote1191/vote_119_1_00316.htm,Confirmed 57-40,Melanie Anne Egorin
119,1,Rodney Scott,"Commissioner of U.S. Customs and Border Protection, Department of Homeland Security",PN12-40,2025-01-20,https://www.congress.gov/nomination/119th-congress/12,2025-06-18,https://www.senate.gov/legislative/LIS/roll_call_votes/vote1191/vote_119_1_00321.htm,Confirmed 51-46,Chris Magnus
119,1,Olivia Trusty,Member of the Federal Communications Commission (Reappointment),PN24-7,2025-02-11,https://www.congress.gov/nomination/119th-congress/24,2025-06-18,https://www.senate.gov/legislative/LIS/roll_call_votes/vote1191/vote_119_1_00320.htm,Confirmed 53-45,
119,1,Daniel Zimmerman,Assistant Secretary of Defense,PN26-50,2025-03-10,https://www.congress.gov/nomination/119th-congress/26,2025-06-24,https://www.senate.gov/legislative/LIS/roll_call_votes/vote1191/vote_119_1_00323.htm,Confirmed 61-35,Celeste Ann Wallander
119,1,Paul Dabbar,Deputy Secretary of Commerce,PN26-12,2025-03-10,https://www.congress.gov/nomination/119th-congress/26,2025-06-25,https://www.senate.gov/legislative/LIS/roll_call_votes/vote1191/vote_119_1_00325.htm,Confirmed 56-40,
119,1,Kenneth Kies,Assistant Secretary of the Treasury,PN13-7,2025-01-22,https://www.congress.gov/nomination/119th-congress/13,2025-06-26,https://www.senate.gov/legislative/LIS/roll_call_votes/vote1191/vote_119_1_00327.htm,Confirmed 53-45,Lily Lawrence Batchelder
119,1,William Briggs,Deputy Administrator of the Small Business Administration,PN13-3,2025-01-22,https://www.congress.gov/nomination/119th-congress/13,2025-07-09,https://www.senate.gov/legislative/LIS/roll_call_votes/vote1191/vote_119_1_00380.htm,Confirmed 49-45,Dilawar Syed
119,1,Scott Kupor,Director of the Office of Personnel Management,PN12-24,2025-01-20,https://www.congress.gov/nomination/119th-congress/12,2025-07-09,https://www.senate.gov/legislative/LIS/roll_call_votes/vote1191/vote_119_1_00379.htm,Confirmed 49-46,Kiran Arjandas Ahuja
119,1,Bryan Bedford,Administrator of the Federal Aviation Administration,PN55-6,2025-03-24,https://www.congress.gov/nomination/119th-congress/55,2025-07-09,https://www.senate.gov/legislative/LIS/roll_call_votes/vote1191/vote_119_1_00377.htm,Confirmed 53-43,Michael G
119,1,Preston Griffith,Under Secretary of Energy,PN12-20,2025-01-20,https://www.congress.gov/nomination/119th-congress/12,2025-07-09,https://www.senate.gov/legislative/LIS/roll_call_votes/vote1191/vote_119_1_00375.htm,Confirmed 54-43,David Crane
119,1,Jonathan Gould,Comptroller of the Currency,PN25-15,2025-02-11,https://www.congress.gov/nomination/119th-congress/25,2025-07-10,https://www.senate.gov/legislative/LIS/roll_call_votes/vote1191/vote_119_1_00383.htm,Confirmed 50-45,Joseph Otting
119,1,Whitney D. Hermandorfer,United States Circuit Judge for the Sixth Circuit,PN150-3,2025-05-12,https://www.congress.gov/nomination/119th-congress/150,2025-07-14,https://www.senate.gov/legislative/LIS/roll_call_votes/vote1191/vote_119_1_00384.htm,Confirmed 46-42,
119,1,Joseph Edlow,"Director of U.S. Citizenship and Immigration Services, Department of Homeland Security",PN26-15,2025-03-10,https://www.congress.gov/nomination/119th-congress/26,2025-07-15,https://www.senate.gov/legislative/LIS/roll_call_votes/vote1191/vote_119_1_00390.htm,Confirmed 52-47,Ur Mendoza Jaddou
119,1,Anthony Tata,Under Secretary of Defense for Personnel and Readiness,PN22-26,2025-02-03,https://www.congress.gov/nomination/119th-congress/22,2025-07-15,https://www.senate.gov/legislative/LIS/roll_call_votes/vote1191/vote_119_1_00388.htm,Confirmed 52-46,
119,1,Luke Pettit,Assistant Secretary of the Treasury,PN25-39,2025-02-11,https://www.congress.gov/nomination/119th-congress/25,2025-07-15,https://www.senate.gov/legislative/LIS/roll_call_votes/vote1191/vote_119_1_00386.htm,Confirmed 69-30,Graham Scott Steele
119,1,Bradley Hansell,Under Secretary of Defense for Intelligence and Security,PN22-7,2025-02-03,https://www.congress.gov/nomination/119th-congress/22,2025-07-22,https://www.senate.gov/legislative/LIS/roll_call_votes/vote1191/vote_119_1_00425.htm,Confirmed 61-35,Ronald S
119,1,Aaron Lukas,Principal Deputy Director of National Intelligence,PN26-27,2025-03-10,https://www.congress.gov/nomination/119th-congress/26,2025-07-22,https://www.senate.gov/legislative/LIS/roll_call_votes/vote1191/vote_119_1_00424.htm,Confirmed 51-46,Stacey A
119,1,Cristian M. Stevens,United States District Judge for the Eastern District of Missouri,PN150-6,2025-05-12,https://www.congress.gov/nomination/119th-congress/150,2025-07-22,https://www.senate.gov/legislative/LIS/roll_call_votes/vote1191/vote_119_1_00421.htm,Confirmed 50-47,Audrey Goldstein Fleissig
119,1,Joshua M. Divine,United States District Judge for the Eastern and Western Districts of Missouri,PN150-2,2025-05-12,https://www.congress.gov/nomination/119th-congress/150,2025-07-22,https://www.senate.gov/legislative/LIS/roll_call_votes/vote1191/vote_119_1_00420.htm,Confirmed 51-46,Rodney W
119,1,Terrance Cole,Administrator of Drug Enforcement,PN26-11,2025-03-10,https://www.congress.gov/nomination/119th-congress/26,2025-07-22,https://www.senate.gov/legislative/LIS/roll_call_votes/vote1191/vote_119_1_00419.htm,Confirmed 50-47,Anne Milgram
119,1,Aaron Szabo,Assistant Administrator of the Environmental Protection Agency,PN25-53,2025-02-11,https://www.congress.gov/nomination/119th-congress/25,2025-07-23,https://www.senate.gov/legislative/LIS/roll_call_votes/vote1191/vote_119_1_00432.htm,Confirmed 49-47,Joseph Goffman
119,1,Zachary M. Bluestone,U.S. District Judge for the Eastern District of Missouri,PN150-1,2025-05-12,https://www.congress.gov/nomination/119th-congress/150,2025-07-23,https://www.senate.gov/legislative/LIS/roll_call_votes/vote1191/vote_119_1_00430.htm,Confirmed 49-47,John Andrew Ross
119,1,John Hurley,Under Secretary for Terrorism and Financial Crimes,PN24-3,2025-02-11,https://www.congress.gov/nomination/119th-congress/24,2025-07-23,https://www.senate.gov/legislative/LIS/roll_call_votes/vote1191/vote_119_1_00427.htm,Confirmed 51-47,Brian Eddie Nelson
119,1,Arielle Roth,Assistant Secretary of Communications and Information,PN22-25,2025-02-03,https://www.congress.gov/nomination/119th-congress/22,2025-07-23,https://www.senate.gov/legislative/LIS/roll_call_votes/vote1191/vote_119_1_00426.htm,Confirmed 52-41,Alan Davidson
119,1,Richard Topping,"Chief Financial Officer, Department of Veterans Affairs",PN25-54,2025-02-11,https://www.congress.gov/nomination/119th-congress/25,2025-07-24,https://www.senate.gov/legislative/LIS/roll_call_votes/vote1191/vote_119_1_00436.htm,Confirmed 51-47,Jon J
119,1,Matthew Lohmeier,Under Secretary of the Air Force,PN22-15,2025-02-03,https://www.congress.gov/nomination/119th-congress/22,2025-07-24,https://www.senate.gov/legislative/LIS/roll_call_votes/vote1191/vote_119_1_00434.htm,Confirmed 52-46,Melissa Griffin Dalton
119,1,David Wright,Member of the Nuclear Regulatory Commission,PN345-20,2025-06-16,https://www.congress.gov/nomination/119th-congress/345,2025-07-28,https://www.senate.gov/legislative/LIS/roll_call_votes/vote1191/vote_119_1_00439.htm,Confirmed 50-39,
119,1,Emil Bove III,United States Circuit Judge for the Third Circuit,PN346-2,2025-06-16,https://www.congress.gov/nomination/119th-congress/346,2025-07-29,https://www.senate.gov/legislative/LIS/roll_call_votes/vote1191/vote_119_1_00448.htm,Confirmed 50-49,Joseph A
119,1,Samuel Brown,Under Secretary of Veterans Affairs for Memorial Services,PN12-7,2025-01-20,https://www.congress.gov/nomination/119th-congress/12,2025-07-29,https://www.senate.gov/legislative/LIS/roll_call_votes/vote1191/vote_119_1_00447.htm,Confirmed 54-44,Matthew T
119,1,Susan Monarez,Director of the Centers for Disease Control and Prevention,PN60-14,2025-03-31,https://www.congress.gov/nomination/119th-congress/60,2025-07-29,https://www.senate.gov/legislative/LIS/roll_call_votes/vote1191/vote_119_1_00445.htm,Confirmed 51-47,
119,1,William Kimmitt,Under Secretary of Commerce for International Trade,PN22-13,2025-02-03,https://www.congress.gov/nomination/119th-congress/22,2025-07-29,https://www.senate.gov/legislative/LIS/roll_call_votes/vote1191/vote_119_1_00443.htm,Confirmed 51-47,Maria Louise Lago
119,1,Earl Matthews,General Counsel of the Department of Defense,PN22-17,2025-02-03,https://www.congress.gov/nomination/119th-congress/22,2025-07-29,https://www.senate.gov/legislative/LIS/roll_call_votes/vote1191/vote_119_1_00441.htm,Confirmed 50-47,Caroline Diane Krass
119,1,Joseph Kent,"Director of the National Counterterrorism Center, Office of the Director of National Intelligence",PN25-27,2025-02-11,https://www.congress.gov/nomination/119th-congress/25,2025-07-30,https://www.senate.gov/legislative/LIS/roll_call_votes/vote1191/vote_119_1_00452.htm,Confirmed 52-44,Christine Abizaid
119,1,Thomas Gaiser,Assistant Attorney General,PN129-4,2025-04-29,https://www.congress.gov/nomination/119th-congress/129,2025-07-30,https://www.senate.gov/legislative/LIS/roll_call_votes/vote1191/vote_119_1_00450.htm,Confirmed 53-45,Christopher Charles Fonzone
119,1,Andrea Lucas,Member of the Equal Employment Opportunity Commission,PN55-28,2025-03-24,https://www.congress.gov/nomination/119th-congress/55,2025-07-31,https://www.senate.gov/legislative/LIS/roll_call_votes/vote1191/vote_119_1_00464.htm,Confirmed 52-45,
119,1,Matthew Kozma,"Under Secretary for Intelligence and Analysis, Department of Homeland Security",PN26-25,2025-03-10,https://www.congress.gov/nomination/119th-congress/26,2025-07-31,https://www.senate.gov/legislative/LIS/roll_call_votes/vote1191/vote_119_1_00463.htm,Confirmed 53-44,Kenneth L
119,1,Cheryl Mason,"Inspector General, Department of Veterans Affairs",PN141-30,2025-05-06,https://www.congress.gov/nomination/119th-congress/141,2025-07-31,https://www.senate.gov/legislative/LIS/roll_call_votes/vote1191/vote_119_1_00461.htm,Confirmed 53-45,Michael Joseph Missal
119,1,Gadyaces Serralta,Director of the United States Marshals Service,PN26-42,2025-03-10,https://www.congress.gov/nomination/119th-congress/26,2025-07-31,https://www.senate.gov/legislative/LIS/roll_call_votes/vote1191/vote_119_1_00460.htm,Confirmed 59-39,Ronald L
119,1,Tyler Clarkson,General Counsel of the Department of Agriculture,PN25-8,,,2025-07-31,https://www.senate.gov/legislative/LIS/roll_call_votes/vote1191/vote_119_1_00459.htm,Confirmed 52-45,
119,1,Nicholas Kent,Under Secretary of Education,PN25-26,2025-02-11,https://www.congress.gov/nomination/119th-congress/25,2025-08-01,https://www.senate.gov/legislative/LIS/roll_call_votes/vote1191/vote_119_1_00484.htm,Confirmed 50-45,James Richard Kvaal
119,1,David Woll,General Counsel of the Department of Housing and Urban Development,PN26-49,2025-03-10,https://www.congress.gov/nomination/119th-congress/26,2025-08-01,https://www.senate.gov/legislative/LIS/roll_call_votes/vote1191/vote_119_1_00483.htm,Confirmed 51-43,Damon Y
119,1,Luigi Rinaldi,Ambassador of the United States of America to the Oriental Republic of Uruguay,PN55-36,2025-03-24,https://www.congress.gov/nomination/119th-congress/55,2025-08-01,https://www.senate.gov/legislative/LIS/roll_call_votes/vote1191/vote_119_1_00482.htm,Confirmed 51-44,
119,1,Brian Nesvik,Director of the United States Fish and Wildlife Service,PN25-35,2025-02-11,https://www.congress.gov/nomination/119th-congress/25,2025-08-01,https://www.senate.gov/legislative/LIS/roll_call_votes/vote1191/vote_119_1_00470.htm,Confirmed 54-43,Martha Williams
119,1,Casey Mulligan,"Chief Counsel for Advocacy, Small Business Administration",PN13-11,2025-01-22,https://www.congress.gov/nomination/119th-congress/13,2025-08-01,https://www.senate.gov/legislative/LIS/roll_call_votes/vote1191/vote_119_1_00469.htm,Confirmed 52-44,Darryl L
119,1,Marcus Molinaro,Federal Transit Administrator,PN22-18,2025-02-03,https://www.congress.gov/nomination/119th-congress/22,2025-08-02,https://www.senate.gov/legislative/LIS/roll_call_votes/vote1191/vote_119_1_00499.htm,Confirmed 71-23,Nuria I
119,1,Adam Telle,Assistant Secretary of the Army,PN55-43,2025-03-24,https://www.congress.gov/nomination/119th-congress/55,2025-08-02,https://www.senate.gov/legislative/LIS/roll_call_votes/vote1191/vote_119_1_00498.htm,Confirmed 72-22,Michael Lee Connor
119,1,Sean Cairncross,National Cyber Director,PN24-2,2025-02-11,https://www.congress.gov/nomination/119th-congress/24,2025-08-02,https://www.senate.gov/legislative/LIS/roll_call_votes/vote1191/vote_119_1_00497.htm,Confirmed 59-35,
119,1,John Arrigo,Ambassador of the United States of America to the Portuguese Republic,PN26-2,2025-03-10,https://www.congress.gov/nomination/119th-congress/26,2025-08-02,https://www.senate.gov/legislative/LIS/roll_call_votes/vote1191/vote_119_1_00496.htm,Confirmed 52-42,
119,1,Catherine Hanson,"Chief Financial Officer, Environmental Protection Agency",PN25-16,2025-02-11,https://www.congress.gov/nomination/119th-congress/25,2025-08-02,https://www.senate.gov/legislative/LIS/roll_call_votes/vote1191/vote_119_1_00495.htm,Confirmed 50-45,Faisal Amin
119,1,Luke Lindberg,Under Secretary of Agriculture for Trade and Foreign Agricultural Affairs,PN12-26,2025-01-20,https://www.congress.gov/nomination/119th-congress/12,2025-08-02,https://www.senate.gov/legislative/LIS/roll_call_votes/vote1191/vote_119_1_00494.htm,Confirmed 78-17,Alexis Taylor
119,1,Jeanine Pirro,United States Attorney for the District of Columbia,PN345-15,2025-06-16,https://www.congress.gov/nomination/119th-congress/345,2025-08-02,https://www.senate.gov/legislative/LIS/roll_call_votes/vote1191/vote_119_1_00492.htm,Confirmed 50-45,Matthew M
119,1,Jason Reding Quinones,United States Attorney for the Southern District of Florida,PN26-40,2025-03-10,https://www.congress.gov/nomination/119th-congress/26,2025-08-02,https://www.senate.gov/legislative/LIS/roll_call_votes/vote1191/vote_119_1_00490.htm,Confirmed 52-44,Markenzy Lapointe
119,1,Brian Burch,Ambassador of the United States of America to the Holy See,PN26-5,2025-03-10,https://www.congress.gov/nomination/119th-congress/26,2025-08-02,https://www.senate.gov/legislative/LIS/roll_call_votes/vote1191/vote_119_1_00488.htm,Confirmed 49-44,
119,1,Andrew Puzder,Representative of the United States of America to the European Union with the rank of Ambassador,PN26-39,2025-03-10,https://www.congress.gov/nomination/119th-congress/26,2025-08-02,https://www.senate.gov/legislative/LIS/roll_call_votes/vote1191/vote_119_1_00486.htm,Confirmed 53-44,
119,1,Kyle Christopher Dudek,U.S. District Judge for the Middle District of Florida,PN346-3,2025-06-16,https://www.congress.gov/nomination/119th-congress/346,2025-09-09,https://www.senate.gov/legislative/LIS/roll_call_votes/vote1191/vote_119_1_00509.htm,Confirmed 53-45,Charlene Edwards Honeywell
119,1,Robert Law,"Under Secretary for Strategy, Policy, and Plans, Department of Homeland Security",PN129-10,2025-04-29,https://www.congress.gov/nomination/119th-congress/129,2025-09-09,https://www.senate.gov/legislative/LIS/roll_call_votes/vote1191/vote_119_1_00507.htm,Confirmed 49-46,Robert Peter Silvers
119,1,Maria A. Lanahan,U.S. District Judge for the Eastern District of Missouri,PN150-4,2025-05-12,https://www.congress.gov/nomination/119th-congress/150,2025-09-09,https://www.senate.gov/legislative/LIS/roll_call_votes/vote1191/vote_119_1_00505.htm,Confirmed 52-45,Ronnie L
119,1,Stephen Miran,Member of the Board of Governors of the Federal Reserve System,PN464,2025-09-02,https://www.congress.gov/nomination/119th-congress/464,2025-09-15,https://www.senate.gov/legislative/LIS/roll_call_votes/vote1191/vote_119_1_00519.htm,Confirmed 48-47,Adriana Debora Kugler
119,1,Michael G. Waltz,Representative of the United States of America to the United Nations,PN343,2025-06-12,https://www.congress.gov/nomination/119th-congress/343,2025-09-19,https://www.senate.gov/legislative/LIS/roll_call_votes/vote1191/vote_119_1_00530.htm,Confirmed 47-43,
119,1,Michael G. Waltz,Representative of the United States of America to the General Assembly of the United Nations,PN342,2025-06-12,https://www.congress.gov/nomination/119th-congress/342,2025-09-29,https://www.senate.gov/legislative/LIS/roll_call_votes/vote1191/vote_119_1_00532.htm,Confirmed 54-45,
119,1,Hung Cao,Under Secretary of the Navy,PN26-10,2025-03-10,https://www.congress.gov/nomination/119th-congress/26,2025-10-01,https://www.senate.gov/legislative/LIS/roll_call_votes/vote1191/vote_119_1_00539.htm,Confirmed 52-45,Erik Kristopher Raven
119,1,Jennifer Lee Mascott,U.S. Circuit Judge for the Third Circuit,PN466-4,2025-09-02,https://www.congress.gov/nomination/119th-congress/466,2025-10-09,https://www.senate.gov/legislative/LIS/roll_call_votes/vote1191/vote_119_1_00561.htm,Confirmed 50-47,Kent A
119,1,Anne-Leigh Gaylord Moe,U.S. District Judge for the Middle District of Florida,PN346-5,2025-06-16,https://www.congress.gov/nomination/119th-congress/346,2025-10-21,https://www.senate.gov/legislative/LIS/roll_call_votes/vote1191/vote_119_1_00580.htm,Confirmed 53-46,Brian J
119,1,Harold D. Mooty III,U.S. District Judge for the Northern District of Alabama,PN466-6,2025-09-02,https://www.congress.gov/nomination/119th-congress/466,2025-10-21,https://www.senate.gov/legislative/LIS/roll_call_votes/vote1191/vote_119_1_00577.htm,Confirmed 66-32,Abdul K
119,1,William W. Mercer,U.S. District Judge for the District of Montana,PN400-2,2025-07-15,https://www.congress.gov/nomination/119th-congress/400,2025-10-22,https://www.senate.gov/legislative/LIS/roll_call_votes/vote1191/vote_119_1_00584.htm,Confirmed 52-45,Dana L
119,1,Stephen Chad Meredith,U.S. District Judge for the Eastern District of Kentucky,PN368,2025-06-23,https://www.congress.gov/nomination/119th-congress/368,2025-10-23,https://www.senate.gov/legislative/LIS/roll_call_votes/vote1191/vote_119_1_00586.htm,Confirmed 48-45,Danny C
119,1,Bill Lewis,U.S. District Judge for the Middle District of Alabama,PN466-3,2025-09-02,https://www.congress.gov/nomination/119th-congress/466,2025-10-27,https://www.senate.gov/legislative/LIS/roll_call_votes/vote1191/vote_119_1_00589.htm,Confirmed 58-40,Andrew Lynn Brasher
119,1,Rebecca L. Taibleson,U.S. Circuit Judge for the Seventh Circuit,PN520-5,2025-09-15,https://www.congress.gov/nomination/119th-congress/520,2025-10-27,https://www.senate.gov/legislative/LIS/roll_call_votes/vote1191/vote_119_1_00588.htm,Confirmed 52-46,Diane S
119,1,Jordan Emery Pratt,U.S. District Judge for the Middle District of Florida,PN346-6,2025-06-16,https://www.congress.gov/nomination/119th-congress/346,2025-10-28,https://www.senate.gov/legislative/LIS/roll_call_votes/vote1191/vote_119_1_00592.htm,Confirmed 52-47,Steven D
119,1,"Edmund G. LaCour, Jr.",U.S. District Judge for the Northern District of Alabama,PN466-2,2025-09-02,https://www.congress.gov/nomination/119th-congress/466,2025-10-29,https://www.senate.gov/legislative/LIS/roll_call_votes/vote1191/vote_119_1_00596.htm,Confirmed 51-47,L
119,1,Joshua D. Dunlap,U.S. Circuit Judge for the First Circuit,PN400-1,2025-07-15,https://www.congress.gov/nomination/119th-congress/400,2025-11-04,https://www.senate.gov/legislative/LIS/roll_call_votes/vote1191/vote_119_1_00604.htm,Confirmed 52-46,William J
119,1,Caleb Orr,Assistant Secretary of State (Economic and Business Affairs),PN25-37,2025-02-11,https://www.congress.gov/nomination/119th-congress/25,2025-11-05,https://www.senate.gov/legislative/LIS/roll_call_votes/vote1191/vote_119_1_00607.htm,Confirmed 57-43,Ramin Toloui
119,1,Eric Chunyee Tung,U.S. Circuit Judge for the Ninth Circuit,PN400-3,2025-07-15,https://www.congress.gov/nomination/119th-congress/400,2025-11-05,https://www.senate.gov/legislative/LIS/roll_call_votes/vote1191/vote_119_1_00605.htm,Confirmed 52-45,
119,1,Ho Nieh,Member of the Nuclear Regulatory Commission,PN445-6,2025-07-30,https://www.congress.gov/nomination/119th-congress/445,2025-11-19,https://www.senate.gov/legislative/LIS/roll_call_votes/vote1191/vote_119_1_00620.htm,Confirmed 66-32,Christopher T
119,1,Lindsey Ann Freeman,U.S. District Judge for the Middle District of North Carolina,PN520-2,2025-09-15,https://www.congress.gov/nomination/119th-congress/520,2025-12-02,https://www.senate.gov/legislative/LIS/roll_call_votes/vote1191/vote_119_1_00627.htm,Confirmed 60-39,Catherine C
119,1,David A. Bragdon,U.S. District Judge for the Middle District of North Carolina,PN520-1,2025-09-15,https://www.congress.gov/nomination/119th-congress/520,2025-12-02,https://www.senate.gov/legislative/LIS/roll_call_votes/vote1191/vote_119_1_00625.htm,Confirmed 53-45,Loretta Copeland Biggs
119,1,Matthew E. Orso,U.S. District Judge for the Western District of North Carolina,PN520-3,2025-09-15,https://www.congress.gov/nomination/119th-congress/520,2025-12-03,https://www.senate.gov/legislative/LIS/roll_call_votes/vote1191/vote_119_1_00629.htm,Confirmed 57-41,Robert J
119,1,Susan Courtwright Rodriguez,U.S. District Judge for the Western District of North Carolina,PN520-4,2025-09-15,https://www.congress.gov/nomination/119th-congress/520,2025-12-04,https://www.senate.gov/legislative/LIS/roll_call_votes/vote1191/vote_119_1_00634.htm,Confirmed 57-32,Frank D
119,1,James D. Maxwell II,U.S. District Judge for the Northern District of Mississippi,PN466-5,2025-09-02,https://www.congress.gov/nomination/119th-congress/466,2025-12-09,https://www.senate.gov/legislative/LIS/roll_call_votes/vote1191/vote_119_1_00640.htm,Confirmed 51-46,Michael P
119,1,William J. Crain,U.S. District Judge for the Eastern District of Louisiana,PN615-1,2025-10-21,https://www.congress.gov/nomination/119th-congress/615,2025-12-09,https://www.senate.gov/legislative/LIS/roll_call_votes/vote1191/vote_119_1_00638.htm,Confirmed 49-46,Eldon E
119,1,Robert P. Chamberlin,U.S. District Judge for the Northern District of Mississippi,PN466-1,2025-09-02,https://www.congress.gov/nomination/119th-congress/466,2025-12-09,https://www.senate.gov/legislative/LIS/roll_call_votes/vote1191/vote_119_1_00636.htm,Confirmed 51-46,Sharion Aycock
119,1,Douglas Weaver,Member of the Nuclear Regulatory Commission,PN645-2,2025-11-05,https://www.congress.gov/nomination/119th-congress/645,2025-12-17,https://www.senate.gov/legislative/LIS/roll_call_votes/vote1191/vote_119_1_00652.htm,Confirmed 71-29,Annie Caputo
119,1,Jared Isaacman,Administrator of the National Aeronautics and Space Administration,PN650,2025-11-06,https://www.congress.gov/nomination/119th-congress/650,2025-12-17,https://www.senate.gov/legislative/LIS/roll_call_votes/vote1191/vote_119_1_00650.htm,Confirmed 67-30,Bill Nelson
119,2,Keith Bass,Assistant Secretary of Defense,PN12-1,2025-01-20,https://www.congress.gov/nomination/119th-congress/12,2026-01-05,https://www.senate.gov/legislative/LIS/roll_call_votes/vote1192/vote_119_2_00001.htm,Confirmed 50-35,Lester Martinez-Lopez
119,2,Sara Bailey,Director of National Drug Control Policy,PN373,2025-06-26,https://www.congress.gov/nomination/119th-congress/373,2026-01-06,https://www.senate.gov/legislative/LIS/roll_call_votes/vote1192/vote_119_2_00003.htm,Confirmed 52-48,Rahul Gupta
119,2,Joshua Simmons,General Counsel of the Central Intelligence Agency,PN499-11,2025-09-03,https://www.congress.gov/nomination/119th-congress/499,2026-01-06,https://www.senate.gov/legislative/LIS/roll_call_votes/vote1192/vote_119_2_00002.htm,Confirmed 53-47,Kate Elizabeth Heinzelman
119,2,Alexander C. Van Hook,U.S. District Judge for the Western District of Louisiana,PN615-2,2025-10-21,https://www.congress.gov/nomination/119th-congress/615,2026-01-08,https://www.senate.gov/legislative/LIS/roll_call_votes/vote1192/vote_119_2_00006.htm,Confirmed 53-40,Elizabeth Erny Foote
119,2,Nicholas Jon Ganjei,U.S. District Judge for the Southern District of Texas,PN726-6,2026-01-05,https://www.congress.gov/nomination/119th-congress/726,2026-02-03,https://www.senate.gov/legislative/LIS/roll_call_votes/vote1192/vote_119_2_00024.htm,Confirmed 51-45,Lynn N
119,2,David Clay Fowlkes,U.S. District Judge for the Western District of Arkansas,PN726-5,2026-01-05,https://www.congress.gov/nomination/119th-congress/726,2026-02-03,https://www.senate.gov/legislative/LIS/roll_call_votes/vote1192/vote_119_2_00022.htm,Confirmed 54-40,Paul Kinloch Holmes III
119,2,Megan Blair Benton,U.S. District Judge for the Western District of Missouri,PN726-2,2026-01-05,https://www.congress.gov/nomination/119th-congress/726,2026-02-04,https://www.senate.gov/legislative/LIS/roll_call_votes/vote1192/vote_119_2_00028.htm,Confirmed 51-46,M
119,2,Aaron Christian Peterson,United States District Judge for the District of Alaska,PN726-12,2026-01-05,https://www.congress.gov/nomination/119th-congress/726,2026-02-04,https://www.senate.gov/legislative/LIS/roll_call_votes/vote1192/vote_119_2_00026.htm,Confirmed 58-39,Timothy Mark Burgess
119,2,Justin R. Olson,U.S. District Judge for the Southern District of Indiana,PN726-11,2026-01-05,https://www.congress.gov/nomination/119th-congress/726,2026-02-05,https://www.senate.gov/legislative/LIS/roll_call_votes/vote1192/vote_119_2_00032.htm,Confirmed 50-47,Jane E
119,2,Brian Charles Lea,U.S. District Judge for the Western District of Tennessee,PN726-9,2026-01-05,https://www.congress.gov/nomination/119th-congress/726,2026-02-05,https://www.senate.gov/legislative/LIS/roll_call_votes/vote1192/vote_119_2_00030.htm,Confirmed 50-46,
119,2,Daniel E. Burrows,Assistant Attorney General,PN726-4,2026-01-05,https://www.congress.gov/nomination/119th-congress/726,2026-02-10,https://www.senate.gov/legislative/LIS/roll_call_votes/vote1192/vote_119_2_00034.htm,Confirmed 52-46,Aaron Reitz
119,2,John DeLeeuw,Member of the National Transportation Safety Board,PN730-19,2026-01-13,https://www.congress.gov/nomination/119th-congress/730,2026-02-25,https://www.senate.gov/legislative/LIS/roll_call_votes/vote1192/vote_119_2_00041.htm,Confirmed 50-45,Alvin Brown
119,2,Ryan McCormack,Under Secretary of Transportation for Policy,PN730-46,2026-01-13,https://www.congress.gov/nomination/119th-congress/730,2026-02-26,https://www.senate.gov/legislative/LIS/roll_call_votes/vote1192/vote_119_2_00043.htm,Confirmed 57-33,
119,2,Anna St. John,U.S. District Judge for the Eastern District of Louisiana,PN787-4,2026-01-29,https://www.congress.gov/nomination/119th-congress/787,2026-03-17,https://www.senate.gov/legislative/LIS/roll_call_votes/vote1192/vote_119_2_00056.htm,Confirmed 51-45,Sarah S
119,2,Markwayne Mullin,Secretary of Homeland Security,PN858,2026-03-09,https://www.congress.gov/nomination/119th-congress/858,2026-03-23,https://www.senate.gov/legislative/LIS/roll_call_votes/vote1192/vote_119_2_00063.htm,Confirmed 54-45,Kristi Noem
119,2,Colin McDonald,Assistant Attorney General,PN786-9,2026-01-29,https://www.congress.gov/nomination/119th-congress/786,2026-03-24,https://www.senate.gov/legislative/LIS/roll_call_votes/vote1192/vote_119_2_00065.htm,Confirmed 52-47,Todd Sunhwae Kim
119,2,Christopher R. Wolfe,U.S. District Judge for the Western District of Texas,PN787-5,2026-01-29,https://www.congress.gov/nomination/119th-congress/787,2026-04-14,https://www.senate.gov/legislative/LIS/roll_call_votes/vote1192/vote_119_2_00078.htm,Confirmed 53-47,David Campos Guaderrama
119,2,John Thomas Shepherd,U.S. District Judge for the Western District of Arkansas,PN787-3,2026-01-29,https://www.congress.gov/nomination/119th-congress/787,2026-04-14,https://www.senate.gov/legislative/LIS/roll_call_votes/vote1192/vote_119_2_00076.htm,Confirmed 53-46,
119,2,Andrew B. Davis,U.S. District Judge for the Western District of Texas,PN787-1,2026-01-29,https://www.congress.gov/nomination/119th-congress/787,2026-04-20,https://www.senate.gov/legislative/LIS/roll_call_votes/vote1192/vote_119_2_00086.htm,Confirmed 47-46,Earl Leroy Yeakel III
119,2,Robert Cekada,"Director, Bureau of Alcohol, Tobacco, Firearms, and Explosives.",PN730-14,2026-01-13,https://www.congress.gov/nomination/119th-congress/730,2026-04-29,https://www.senate.gov/legislative/LIS/roll_call_votes/vote1192/vote_119_2_00109.htm,Confirmed 59-39,Steven M
119,2,Kevin Warsh,Member of the Federal Reserve Board,PN855-2,2026-03-04,https://www.congress.gov/nomination/119th-congress/855,2026-05-12,https://www.senate.gov/legislative/LIS/roll_call_votes/vote1192/vote_119_2_00116.htm,Confirmed 51-45,Stephen Miran
119,2,Kevin Warsh,"Chairman of the Board of Governors, Federal Reserve Board",PN855-1,2026-03-04,https://www.congress.gov/nomination/119th-congress/855,2026-05-13,https://www.senate.gov/legislative/LIS/roll_call_votes/vote1192/vote_119_2_00120.htm,Confirmed 54-45,Jerome H
119,2,Sheria Akins Clarke,U.S. District Judge for the District of South Carolina,PN851-1,2026-03-02,https://www.congress.gov/nomination/119th-congress/851,2026-05-19,https://www.senate.gov/legislative/LIS/roll_call_votes/vote1192/vote_119_2_00127.htm,Confirmed 52-38,Robert Bryan Harwell
119,2,Evan Rikhye,Judge for the District Court of the Virgin Islands,PN851-6,2026-03-02,https://www.congress.gov/nomination/119th-congress/851,2026-05-20,https://www.senate.gov/legislative/LIS/roll_call_votes/vote1192/vote_119_2_00130.htm,Confirmed 52-47,Wilma Antoinette Lewis
119,2,Jeffrey M. Kuhlman,U.S. District Judge for the District of Kansas,PN851-2,2026-03-02,https://www.congress.gov/nomination/119th-congress/851,2026-06-02,https://www.senate.gov/legislative/LIS/roll_call_votes/vote1192/vote_119_2_00134.htm,Confirmed 52-46,Eric F
119,2,Kathleen S. Lane,U.S. District Judge for the District of Montana,PN851-3,2026-03-02,https://www.congress.gov/nomination/119th-congress/851,2026-06-02,https://www.senate.gov/legislative/LIS/roll_call_votes/vote1192/vote_119_2_00132.htm,Confirmed 52-46,Susan P
119,2,Anthony W. Mattivi,U.S. District Judge for the District of Kansas,PN851-4,2026-03-02,https://www.congress.gov/nomination/119th-congress/851,2026-06-09,https://www.senate.gov/legislative/LIS/roll_call_votes/vote1192/vote_119_2_00166.htm,Confirmed 51-46,Daniel D
119,2,Anthony J. Powell,U.S. District Judge for the District of Kansas,PN851-5,2026-03-02,https://www.congress.gov/nomination/119th-congress/851,2026-06-10,https://www.senate.gov/legislative/LIS/roll_call_votes/vote1192/vote_119_2_00168.htm,Confirmed 50-44,Julie A
119,2,Brock Dahl,Legal Adviser of the Department of State,PN901-4,2026-04-13,https://www.congress.gov/nomination/119th-congress/901,2026-06-11,https://www.senate.gov/legislative/LIS/roll_call_votes/vote1192/vote_119_2_00170.htm,Confirmed 49-44,Reed Rubinstein
119,2,Justin D. Smith,U.S. Circuit Judge for the Eighth Circuit,PN851-7,2026-03-02,https://www.congress.gov/nomination/119th-congress/851,2026-06-15,https://www.senate.gov/legislative/LIS/roll_call_votes/vote1192/vote_119_2_00172.htm,Confirmed 48-43,
119,2,Michelle Steel,Ambassador of the United States of America to the Republic of Korea,PN901-8,2026-04-13,https://www.congress.gov/nomination/119th-congress/901,2026-06-17,https://www.senate.gov/legislative/LIS/roll_call_votes/vote1192/vote_119_2_00177.htm,Confirmed 55-39,
119,2,George Holding,United States Director of the European Bank for Reconstruction and Development,PN730-33,2026-01-13,https://www.congress.gov/nomination/119th-congress/730,2026-06-18,https://www.senate.gov/legislative/LIS/roll_call_votes/vote1192/vote_119_2_00181.htm,Confirmed 48-39,J
119,2,Darrell Owens,U.S. Representative to the Organization for Security and Cooperation in Europe,PN859-3,2026-03-09,https://www.congress.gov/nomination/119th-congress/859,2026-06-23,https://www.senate.gov/legislative/LIS/roll_call_votes/vote1192/vote_119_2_00183.htm,Confirmed 67-30,
119,2,Michael J. Hendershot,U.S. District Judge for the Northern District of Ohio,PN930-2,2026-04-14,https://www.congress.gov/nomination/119th-congress/930,2026-06-24,https://www.senate.gov/legislative/LIS/roll_call_votes/vote1192/vote_119_2_00188.htm,Confirmed 50-44,Patricia A
119,2,John George Edward Marck,U.S. District Judge for the Southern District of Texas,PN930-7,2026-04-14,https://www.congress.gov/nomination/119th-congress/930,2026-06-24,https://www.senate.gov/legislative/LIS/roll_call_votes/vote1192/vote_119_2_00186.htm,Confirmed 52-45,Micaela Alvarez
119,2,Arthur Roberts Jones,U.S. District Judge for the Southern District of Texas,PN930-3,2026-04-14,https://www.congress.gov/nomination/119th-congress/930,2026-07-13,https://www.senate.gov/legislative/LIS/roll_call_votes/vote1192/vote_119_2_00193.htm,Confirmed 46-44,Ricardo H
119,2,Matthew A. Schwartz,U.S. Circuit Judge for the Second Circuit,PN938-2,2026-04-27,https://www.congress.gov/nomination/119th-congress/938,2026-07-14,https://www.senate.gov/legislative/LIS/roll_call_votes/vote1192/vote_119_2_00194.htm,Confirmed 50-45,
119,2,Jeffrey T. Kuntz,U.S. District Judge for the Southern District of Florida,PN930-4,2026-04-14,https://www.congress.gov/nomination/119th-congress/930,2026-07-15,https://www.senate.gov/legislative/LIS/roll_call_votes/vote1192/vote_119_2_00197.htm,Confirmed 51-46,an additional position in accordance with 28 U
119,2,Kara Marie Westercamp,Judge of the U.S. Court of International Trade,PN851-8,2026-03-02,https://www.congress.gov/nomination/119th-congress/851,2026-07-21,https://www.senate.gov/legislative/LIS/roll_call_votes/vote1192/vote_119_2_00201.htm,Confirmed 50-48,Stephen A
119,2,Michael C. Martin,U.S. District Judge for the Eastern District of Michigan,PN999-3,2026-05-12,https://www.congress.gov/nomination/119th-congress/999,2026-07-22,https://www.senate.gov/legislative/LIS/roll_call_votes/vote1192/vote_119_2_00204.htm,Confirmed 62-36,Sean F
119,2,Benjamin M. Flowers,U.S. Circuit Judge for the Sixth Circuit,PN938-1,2026-04-27,https://www.congress.gov/nomination/119th-congress/938,2026-07-22,https://www.senate.gov/legislative/LIS/roll_call_votes/vote1192/vote_119_2_00202.htm,Confirmed 49-46,Jeffrey S
119,2,Antonio M. Pozos,U.S. District Judge for the Eastern District of Pennsylvania,PN999-5,2026-05-12,https://www.congress.gov/nomination/119th-congress/999,2026-07-23,https://www.senate.gov/legislative/LIS/roll_call_votes/vote1192/vote_119_2_00209.htm,Confirmed 49-44,Mitchell S
119,2,Walter Clayton,Director of National Intelligence,PN1092,2026-06-11,https://www.congress.gov/nomination/119th-congress/1092,2026-07-28,https://www.senate.gov/legislative/LIS/roll_call_votes/vote1192/vote_119_2_00211.htm,Confirmed 51-47,Tulsi Gabbard
